2026-03-22 17:22:24,457 - hal.utils.logging_utils - INFO - Logging initialized - 2026-03-22T17:22:24.457336
2026-03-22 17:22:24,457 - hal.utils.logging_utils - INFO - Log directory: /root/agentic_eval_hal_harness/results/mmstar/mmstar_doubao_seed_2_0_pro_1774200144
2026-03-22 17:22:24,457 - __main__ - INFO - HAL Harness
2026-03-22 17:22:24,457 - __main__ - WARNING - Model 'doubao-seed-2.0-pro' not found in pricing dictionary. Cost tracking will be unavailable for this model.
2026-03-22 17:22:24,457 - hal.utils.logging_utils - INFO - === Run Configuration ===
2026-03-22 17:22:24,457 - hal.utils.logging_utils - INFO -   Run ID: mmstar_doubao_seed_2_0_pro_1774200144
2026-03-22 17:22:24,457 - hal.utils.logging_utils - INFO -   Benchmark: mmstar
2026-03-22 17:22:24,457 - hal.utils.logging_utils - INFO -   Agent Name: doubao_seed_2_0_pro
2026-03-22 17:22:24,457 - hal.utils.logging_utils - INFO -   Agent Function: main.run
2026-03-22 17:22:24,457 - hal.utils.logging_utils - INFO -   Agent Directory: /root/agentic_eval_hal_harness/agents/mmstar_agent
2026-03-22 17:22:24,457 - hal.utils.logging_utils - INFO -   Log Directory: results/mmstar/mmstar_doubao_seed_2_0_pro_1774200144
2026-03-22 17:22:24,457 - hal.utils.logging_utils - INFO -   Max Concurrent: 4
2026-03-22 17:22:24,457 - hal.utils.logging_utils - INFO -   Upload Results: No
2026-03-22 17:22:24,457 - hal.utils.logging_utils - INFO -   VM Execution: No
2026-03-22 17:22:24,457 - hal.utils.logging_utils - INFO -   Docker Execution: No
2026-03-22 17:22:24,457 - hal.utils.logging_utils - INFO -   Continue Previous Run: No
2026-03-22 17:22:24,458 - hal.utils.logging_utils - INFO -   Ignore Errors: No
2026-03-22 17:22:24,458 - hal.utils.logging_utils - INFO -   Prompt Sensitivity: No
2026-03-22 17:22:24,458 - hal.utils.logging_utils - INFO -   Agent Arguments:
2026-03-22 17:22:24,458 - hal.utils.logging_utils - INFO -     model_name: doubao-seed-2.0-pro
2026-03-22 17:22:24,458 - hal.utils.logging_utils - INFO -     model_mode: proxy
2026-03-22 17:22:24,458 - hal.utils.logging_utils - INFO -     enable_tools: True
2026-03-22 17:22:24,458 - hal.utils.logging_utils - INFO -     code_executor: local
2026-03-22 17:22:24,458 - hal.utils.logging_utils - INFO -     benchmark_name: mmstar
2026-03-22 17:22:24,458 - __main__ - INFO - Initializing agent runner...
2026-03-22 17:23:24,391 - hal.benchmarks.mmstar - INFO - Loaded 1500 MMStar tasks
2026-03-22 17:23:24,426 - __main__ - INFO - Running evaluation with custom agent and HAL harness...
2026-03-22 17:23:24,427 - hal.agent_runner - INFO - Initializing logging with W&B Weave...
2026-03-22 17:23:24,438 - hal.utils.local_runner - INFO - Starting task 0 (active tasks: 1)
2026-03-22 17:23:24,446 - hal.utils.local_runner - INFO - Starting task 1 (active tasks: 2)
2026-03-22 17:23:24,453 - hal.utils.local_runner - INFO - Starting task 2 (active tasks: 3)
2026-03-22 17:23:24,460 - hal.utils.local_runner - INFO - Starting task 3 (active tasks: 4)
2026-03-22 17:23:59,320 - hal.utils.local_runner - INFO - Completed task 2
2026-03-22 17:23:59,320 - hal.utils.local_runner - INFO - Starting task 4 (active tasks: 4)
2026-03-22 17:24:10,752 - hal.utils.local_runner - INFO - Completed task 1
2026-03-22 17:24:10,752 - hal.utils.local_runner - INFO - Starting task 5 (active tasks: 4)
2026-03-22 17:24:40,238 - hal.utils.local_runner - INFO - Completed task 3
2026-03-22 17:24:40,238 - hal.utils.local_runner - INFO - Starting task 6 (active tasks: 4)
2026-03-22 17:24:46,560 - hal.utils.local_runner - INFO - Completed task 0
2026-03-22 17:24:46,560 - hal.utils.local_runner - INFO - Starting task 7 (active tasks: 4)
2026-03-22 17:25:00,751 - hal.utils.local_runner - INFO - Completed task 4
2026-03-22 17:25:00,751 - hal.utils.local_runner - INFO - Starting task 8 (active tasks: 4)
2026-03-22 17:25:08,890 - hal.utils.local_runner - INFO - Completed task 5
2026-03-22 17:25:08,890 - hal.utils.local_runner - INFO - Starting task 9 (active tasks: 4)
2026-03-22 17:25:15,760 - hal.utils.local_runner - INFO - Completed task 6
2026-03-22 17:25:15,760 - hal.utils.local_runner - INFO - Starting task 10 (active tasks: 4)
2026-03-22 17:25:40,535 - hal.utils.local_runner - INFO - Completed task 8
2026-03-22 17:25:40,535 - hal.utils.local_runner - INFO - Starting task 11 (active tasks: 4)
2026-03-22 17:25:48,915 - hal.utils.local_runner - INFO - Completed task 7
2026-03-22 17:25:48,915 - hal.utils.local_runner - INFO - Starting task 12 (active tasks: 4)
2026-03-22 17:26:00,064 - hal.utils.local_runner - INFO - Completed task 9
2026-03-22 17:26:00,064 - hal.utils.local_runner - INFO - Starting task 13 (active tasks: 4)
2026-03-22 17:26:29,963 - hal.utils.local_runner - INFO - Completed task 11
2026-03-22 17:26:29,964 - hal.utils.local_runner - INFO - Starting task 14 (active tasks: 4)
2026-03-22 17:26:57,722 - hal.utils.local_runner - INFO - Completed task 12
2026-03-22 17:26:57,722 - hal.utils.local_runner - INFO - Starting task 15 (active tasks: 4)
2026-03-22 17:27:12,134 - hal.utils.local_runner - INFO - Completed task 10
2026-03-22 17:27:12,134 - hal.utils.local_runner - INFO - Starting task 16 (active tasks: 4)
2026-03-22 17:27:37,566 - hal.utils.local_runner - INFO - Completed task 14
2026-03-22 17:27:37,567 - hal.utils.local_runner - INFO - Starting task 17 (active tasks: 4)
2026-03-22 17:27:42,143 - hal.utils.local_runner - INFO - Completed task 13
2026-03-22 17:27:42,143 - hal.utils.local_runner - INFO - Starting task 18 (active tasks: 4)
2026-03-22 17:27:57,164 - hal.utils.local_runner - INFO - Completed task 15
2026-03-22 17:27:57,164 - hal.utils.local_runner - INFO - Starting task 19 (active tasks: 4)
2026-03-22 17:28:37,809 - hal.utils.local_runner - INFO - Completed task 16
2026-03-22 17:28:37,809 - hal.utils.local_runner - INFO - Starting task 20 (active tasks: 4)
2026-03-22 17:28:38,503 - hal.utils.local_runner - INFO - Completed task 18
2026-03-22 17:28:38,503 - hal.utils.local_runner - INFO - Starting task 21 (active tasks: 4)
2026-03-22 17:29:12,127 - hal.utils.local_runner - INFO - Completed task 19
2026-03-22 17:29:12,128 - hal.utils.local_runner - INFO - Starting task 22 (active tasks: 4)
2026-03-22 17:29:16,521 - hal.utils.local_runner - INFO - Completed task 17
2026-03-22 17:29:16,521 - hal.utils.local_runner - INFO - Starting task 23 (active tasks: 4)
2026-03-22 17:29:44,010 - hal.utils.local_runner - INFO - Completed task 20
2026-03-22 17:29:44,011 - hal.utils.local_runner - INFO - Starting task 24 (active tasks: 4)
2026-03-22 17:30:00,806 - hal.utils.local_runner - INFO - Completed task 22
2026-03-22 17:30:00,806 - hal.utils.local_runner - INFO - Starting task 25 (active tasks: 4)
2026-03-22 17:30:08,834 - hal.utils.local_runner - INFO - Completed task 21
2026-03-22 17:30:08,834 - hal.utils.local_runner - INFO - Starting task 26 (active tasks: 4)
2026-03-22 17:30:45,157 - hal.utils.local_runner - INFO - Completed task 24
2026-03-22 17:30:45,157 - hal.utils.local_runner - INFO - Starting task 27 (active tasks: 4)
2026-03-22 17:31:00,929 - hal.utils.local_runner - INFO - Completed task 26
2026-03-22 17:31:00,929 - hal.utils.local_runner - INFO - Starting task 28 (active tasks: 4)
2026-03-22 17:31:03,999 - hal.utils.local_runner - INFO - Completed task 25
2026-03-22 17:31:04,000 - hal.utils.local_runner - INFO - Starting task 29 (active tasks: 4)
2026-03-22 17:31:29,603 - hal.utils.local_runner - INFO - Completed task 23
2026-03-22 17:31:29,603 - hal.utils.local_runner - INFO - Starting task 30 (active tasks: 4)
2026-03-22 17:31:37,630 - hal.utils.local_runner - INFO - Completed task 27
2026-03-22 17:31:37,630 - hal.utils.local_runner - INFO - Starting task 31 (active tasks: 4)
2026-03-22 17:32:01,638 - hal.utils.local_runner - INFO - Completed task 29
2026-03-22 17:32:01,638 - hal.utils.local_runner - INFO - Starting task 32 (active tasks: 4)
2026-03-22 17:32:18,266 - hal.utils.local_runner - INFO - Completed task 31
2026-03-22 17:32:18,266 - hal.utils.local_runner - INFO - Starting task 33 (active tasks: 4)
2026-03-22 17:32:54,110 - hal.utils.local_runner - INFO - Completed task 30
2026-03-22 17:32:54,111 - hal.utils.local_runner - INFO - Starting task 34 (active tasks: 4)
2026-03-22 17:33:18,023 - hal.utils.local_runner - INFO - Completed task 28
2026-03-22 17:33:18,023 - hal.utils.local_runner - INFO - Starting task 35 (active tasks: 4)
2026-03-22 17:33:22,641 - hal.utils.local_runner - INFO - Completed task 33
2026-03-22 17:33:22,641 - hal.utils.local_runner - INFO - Starting task 36 (active tasks: 4)
2026-03-22 17:33:26,909 - hal.utils.local_runner - INFO - Completed task 32
2026-03-22 17:33:26,909 - hal.utils.local_runner - INFO - Starting task 37 (active tasks: 4)
2026-03-22 17:34:16,374 - hal.utils.local_runner - INFO - Completed task 35
2026-03-22 17:34:16,375 - hal.utils.local_runner - INFO - Starting task 38 (active tasks: 4)
2026-03-22 17:34:20,584 - hal.utils.local_runner - INFO - Completed task 37
2026-03-22 17:34:20,584 - hal.utils.local_runner - INFO - Starting task 39 (active tasks: 4)
2026-03-22 17:34:22,061 - hal.utils.local_runner - INFO - Completed task 34
2026-03-22 17:34:22,061 - hal.utils.local_runner - INFO - Starting task 40 (active tasks: 4)
2026-03-22 17:34:40,145 - hal.utils.local_runner - INFO - Completed task 36
2026-03-22 17:34:40,145 - hal.utils.local_runner - INFO - Starting task 41 (active tasks: 4)
2026-03-22 17:35:27,128 - hal.utils.local_runner - INFO - Completed task 39
2026-03-22 17:35:27,129 - hal.utils.local_runner - INFO - Starting task 42 (active tasks: 4)
2026-03-22 17:35:43,028 - hal.utils.local_runner - INFO - Completed task 38
2026-03-22 17:35:43,028 - hal.utils.local_runner - INFO - Starting task 43 (active tasks: 4)
2026-03-22 17:35:54,776 - hal.utils.local_runner - INFO - Completed task 41
2026-03-22 17:35:54,776 - hal.utils.local_runner - INFO - Starting task 44 (active tasks: 4)
2026-03-22 17:36:05,741 - hal.utils.local_runner - INFO - Completed task 40
2026-03-22 17:36:05,741 - hal.utils.local_runner - INFO - Starting task 45 (active tasks: 4)
2026-03-22 17:36:51,800 - hal.utils.local_runner - INFO - Completed task 43
2026-03-22 17:36:51,800 - hal.utils.local_runner - INFO - Starting task 46 (active tasks: 4)
2026-03-22 17:37:08,818 - hal.utils.local_runner - INFO - Completed task 45
2026-03-22 17:37:08,818 - hal.utils.local_runner - INFO - Starting task 47 (active tasks: 4)
2026-03-22 17:37:25,189 - hal.utils.local_runner - INFO - Completed task 44
2026-03-22 17:37:25,189 - hal.utils.local_runner - INFO - Starting task 48 (active tasks: 4)
2026-03-22 17:37:48,061 - hal.utils.local_runner - INFO - Completed task 46
2026-03-22 17:37:48,061 - hal.utils.local_runner - INFO - Starting task 49 (active tasks: 4)
2026-03-22 17:37:59,772 - hal.utils.local_runner - INFO - Completed task 42
2026-03-22 17:37:59,773 - hal.utils.local_runner - INFO - Starting task 50 (active tasks: 4)
2026-03-22 17:38:24,659 - hal.utils.local_runner - INFO - Completed task 48
2026-03-22 17:38:24,659 - hal.utils.local_runner - INFO - Starting task 51 (active tasks: 4)
2026-03-22 17:38:34,127 - hal.utils.local_runner - INFO - Completed task 49
2026-03-22 17:38:34,127 - hal.utils.local_runner - INFO - Starting task 52 (active tasks: 4)
2026-03-22 17:38:45,401 - hal.utils.local_runner - INFO - Completed task 50
2026-03-22 17:38:45,402 - hal.utils.local_runner - INFO - Starting task 53 (active tasks: 4)
2026-03-22 17:38:54,614 - hal.utils.local_runner - INFO - Completed task 47
2026-03-22 17:38:54,614 - hal.utils.local_runner - INFO - Starting task 54 (active tasks: 4)
2026-03-22 17:39:29,212 - hal.utils.local_runner - INFO - Completed task 51
2026-03-22 17:39:29,212 - hal.utils.local_runner - INFO - Starting task 55 (active tasks: 4)
2026-03-22 17:39:36,664 - hal.utils.local_runner - INFO - Completed task 52
2026-03-22 17:39:36,664 - hal.utils.local_runner - INFO - Starting task 56 (active tasks: 4)
2026-03-22 17:39:43,607 - hal.utils.local_runner - INFO - Completed task 53
2026-03-22 17:39:43,607 - hal.utils.local_runner - INFO - Starting task 57 (active tasks: 4)
2026-03-22 17:40:04,711 - hal.utils.local_runner - INFO - Completed task 54
2026-03-22 17:40:04,711 - hal.utils.local_runner - INFO - Starting task 58 (active tasks: 4)
2026-03-22 17:40:29,904 - hal.utils.local_runner - INFO - Completed task 55
2026-03-22 17:40:29,904 - hal.utils.local_runner - INFO - Starting task 59 (active tasks: 4)
2026-03-22 17:40:52,563 - hal.utils.local_runner - INFO - Completed task 56
2026-03-22 17:40:52,563 - hal.utils.local_runner - INFO - Starting task 60 (active tasks: 4)
2026-03-22 17:40:59,369 - hal.utils.local_runner - INFO - Completed task 57
2026-03-22 17:40:59,369 - hal.utils.local_runner - INFO - Starting task 61 (active tasks: 4)
2026-03-22 17:41:22,000 - hal.utils.local_runner - INFO - Completed task 58
2026-03-22 17:41:22,000 - hal.utils.local_runner - INFO - Starting task 62 (active tasks: 4)
2026-03-22 17:41:41,000 - hal.utils.local_runner - INFO - Completed task 59
2026-03-22 17:41:41,001 - hal.utils.local_runner - INFO - Starting task 63 (active tasks: 4)
2026-03-22 17:41:45,481 - hal.utils.local_runner - INFO - Completed task 60
2026-03-22 17:41:45,482 - hal.utils.local_runner - INFO - Starting task 64 (active tasks: 4)
2026-03-22 17:41:51,707 - hal.utils.local_runner - INFO - Completed task 61
2026-03-22 17:41:51,707 - hal.utils.local_runner - INFO - Starting task 65 (active tasks: 4)
2026-03-22 17:42:36,814 - hal.utils.local_runner - INFO - Completed task 63
2026-03-22 17:42:36,814 - hal.utils.local_runner - INFO - Starting task 66 (active tasks: 4)
2026-03-22 17:43:10,051 - hal.utils.local_runner - INFO - Completed task 64
2026-03-22 17:43:10,052 - hal.utils.local_runner - INFO - Starting task 67 (active tasks: 4)
2026-03-22 17:43:15,613 - hal.utils.local_runner - INFO - Completed task 65
2026-03-22 17:43:15,613 - hal.utils.local_runner - INFO - Starting task 68 (active tasks: 4)
2026-03-22 17:43:56,334 - hal.utils.local_runner - INFO - Completed task 62
2026-03-22 17:43:56,334 - hal.utils.local_runner - INFO - Starting task 69 (active tasks: 4)
2026-03-22 17:44:19,021 - hal.utils.local_runner - INFO - Completed task 68
2026-03-22 17:44:19,021 - hal.utils.local_runner - INFO - Starting task 70 (active tasks: 4)
2026-03-22 17:44:40,100 - hal.utils.local_runner - INFO - Completed task 67
2026-03-22 17:44:40,100 - hal.utils.local_runner - INFO - Starting task 71 (active tasks: 4)
2026-03-22 17:44:58,771 - hal.utils.local_runner - INFO - Completed task 66
2026-03-22 17:44:58,771 - hal.utils.local_runner - INFO - Starting task 72 (active tasks: 4)
2026-03-22 17:45:04,835 - hal.utils.local_runner - INFO - Completed task 70
2026-03-22 17:45:04,835 - hal.utils.local_runner - INFO - Starting task 73 (active tasks: 4)
2026-03-22 17:45:14,481 - hal.utils.local_runner - INFO - Completed task 69
2026-03-22 17:45:14,482 - hal.utils.local_runner - INFO - Starting task 74 (active tasks: 4)
2026-03-22 17:45:35,095 - hal.utils.local_runner - INFO - Completed task 73
2026-03-22 17:45:35,095 - hal.utils.local_runner - INFO - Starting task 75 (active tasks: 4)
2026-03-22 17:45:39,032 - hal.utils.local_runner - INFO - Completed task 71
2026-03-22 17:45:39,033 - hal.utils.local_runner - INFO - Starting task 76 (active tasks: 4)
2026-03-22 17:46:22,935 - hal.utils.local_runner - INFO - Completed task 74
2026-03-22 17:46:22,936 - hal.utils.local_runner - INFO - Starting task 77 (active tasks: 4)
2026-03-22 17:46:38,597 - hal.utils.local_runner - INFO - Completed task 75
2026-03-22 17:46:38,598 - hal.utils.local_runner - INFO - Starting task 78 (active tasks: 4)
2026-03-22 17:46:43,445 - hal.utils.local_runner - INFO - Completed task 76
2026-03-22 17:46:43,445 - hal.utils.local_runner - INFO - Starting task 79 (active tasks: 4)
2026-03-22 17:47:01,729 - hal.utils.local_runner - INFO - Completed task 77
2026-03-22 17:47:01,730 - hal.utils.local_runner - INFO - Starting task 80 (active tasks: 4)
2026-03-22 17:47:21,898 - hal.utils.local_runner - INFO - Completed task 78
2026-03-22 17:47:21,898 - hal.utils.local_runner - INFO - Starting task 81 (active tasks: 4)
2026-03-22 17:47:22,527 - hal.utils.local_runner - INFO - Completed task 72
2026-03-22 17:47:22,527 - hal.utils.local_runner - INFO - Starting task 82 (active tasks: 4)
2026-03-22 17:47:38,157 - hal.utils.local_runner - INFO - Completed task 79
2026-03-22 17:47:38,157 - hal.utils.local_runner - INFO - Starting task 83 (active tasks: 4)
2026-03-22 17:48:01,834 - hal.utils.local_runner - INFO - Completed task 80
2026-03-22 17:48:01,834 - hal.utils.local_runner - INFO - Starting task 84 (active tasks: 4)
2026-03-22 17:48:24,681 - hal.utils.local_runner - INFO - Completed task 83
2026-03-22 17:48:24,682 - hal.utils.local_runner - INFO - Starting task 85 (active tasks: 4)
2026-03-22 17:48:28,192 - hal.utils.local_runner - INFO - Completed task 81
2026-03-22 17:48:28,192 - hal.utils.local_runner - INFO - Starting task 86 (active tasks: 4)
2026-03-22 17:48:47,549 - hal.utils.local_runner - INFO - Completed task 82
2026-03-22 17:48:47,549 - hal.utils.local_runner - INFO - Starting task 87 (active tasks: 4)
2026-03-22 17:49:04,266 - hal.utils.local_runner - INFO - Completed task 84
2026-03-22 17:49:04,266 - hal.utils.local_runner - INFO - Starting task 88 (active tasks: 4)
2026-03-22 17:49:16,471 - hal.utils.local_runner - INFO - Completed task 86
2026-03-22 17:49:16,472 - hal.utils.local_runner - INFO - Starting task 89 (active tasks: 4)
2026-03-22 17:49:19,561 - hal.utils.local_runner - INFO - Completed task 85
2026-03-22 17:49:19,562 - hal.utils.local_runner - INFO - Starting task 90 (active tasks: 4)
2026-03-22 17:49:46,090 - hal.utils.local_runner - INFO - Completed task 88
2026-03-22 17:49:46,090 - hal.utils.local_runner - INFO - Starting task 91 (active tasks: 4)
2026-03-22 17:50:22,123 - hal.utils.local_runner - INFO - Completed task 89
2026-03-22 17:50:22,123 - hal.utils.local_runner - INFO - Starting task 92 (active tasks: 4)
2026-03-22 17:50:26,259 - hal.utils.local_runner - INFO - Completed task 87
2026-03-22 17:50:26,259 - hal.utils.local_runner - INFO - Starting task 93 (active tasks: 4)
2026-03-22 17:50:56,448 - hal.utils.local_runner - INFO - Completed task 90
2026-03-22 17:50:56,448 - hal.utils.local_runner - INFO - Starting task 94 (active tasks: 4)
2026-03-22 17:51:21,854 - hal.utils.local_runner - INFO - Completed task 93
2026-03-22 17:51:21,854 - hal.utils.local_runner - INFO - Starting task 95 (active tasks: 4)
2026-03-22 17:51:45,074 - hal.utils.local_runner - INFO - Completed task 91
2026-03-22 17:51:45,074 - hal.utils.local_runner - INFO - Starting task 96 (active tasks: 4)
2026-03-22 17:52:18,132 - hal.utils.local_runner - INFO - Completed task 92
2026-03-22 17:52:18,132 - hal.utils.local_runner - INFO - Starting task 97 (active tasks: 4)
2026-03-22 17:52:21,691 - hal.utils.local_runner - INFO - Completed task 95
2026-03-22 17:52:21,691 - hal.utils.local_runner - INFO - Starting task 98 (active tasks: 4)
2026-03-22 17:52:52,435 - hal.utils.local_runner - INFO - Completed task 94
2026-03-22 17:52:52,435 - hal.utils.local_runner - INFO - Starting task 99 (active tasks: 4)
2026-03-22 17:52:56,748 - hal.utils.local_runner - INFO - Completed task 96
2026-03-22 17:52:56,748 - hal.utils.local_runner - INFO - Starting task 100 (active tasks: 4)
2026-03-22 17:52:58,675 - hal.utils.local_runner - INFO - Completed task 97
2026-03-22 17:52:58,675 - hal.utils.local_runner - INFO - Starting task 101 (active tasks: 4)
2026-03-22 17:53:13,304 - hal.utils.local_runner - INFO - Completed task 98
2026-03-22 17:53:13,305 - hal.utils.local_runner - INFO - Starting task 102 (active tasks: 4)
2026-03-22 17:53:42,117 - hal.utils.local_runner - INFO - Completed task 99
2026-03-22 17:53:42,117 - hal.utils.local_runner - INFO - Starting task 103 (active tasks: 4)
2026-03-22 17:53:43,228 - hal.utils.local_runner - INFO - Completed task 102
2026-03-22 17:53:43,228 - hal.utils.local_runner - INFO - Starting task 104 (active tasks: 4)
2026-03-22 17:53:45,073 - hal.utils.local_runner - INFO - Completed task 101
2026-03-22 17:53:45,073 - hal.utils.local_runner - INFO - Starting task 105 (active tasks: 4)
2026-03-22 17:53:50,515 - hal.utils.local_runner - INFO - Completed task 100
2026-03-22 17:53:50,515 - hal.utils.local_runner - INFO - Starting task 106 (active tasks: 4)
2026-03-22 17:54:21,048 - hal.utils.local_runner - INFO - Completed task 103
2026-03-22 17:54:21,048 - hal.utils.local_runner - INFO - Starting task 107 (active tasks: 4)
2026-03-22 17:54:24,942 - hal.utils.local_runner - INFO - Completed task 105
2026-03-22 17:54:24,942 - hal.utils.local_runner - INFO - Starting task 108 (active tasks: 4)
2026-03-22 17:54:59,106 - hal.utils.local_runner - INFO - Completed task 104
2026-03-22 17:54:59,106 - hal.utils.local_runner - INFO - Starting task 109 (active tasks: 4)
2026-03-22 17:55:12,728 - hal.utils.local_runner - INFO - Completed task 106
2026-03-22 17:55:12,729 - hal.utils.local_runner - INFO - Starting task 110 (active tasks: 4)
2026-03-22 17:55:16,924 - hal.utils.local_runner - INFO - Completed task 107
2026-03-22 17:55:16,924 - hal.utils.local_runner - INFO - Starting task 111 (active tasks: 4)
2026-03-22 17:55:49,540 - hal.utils.local_runner - INFO - Completed task 108
2026-03-22 17:55:49,540 - hal.utils.local_runner - INFO - Starting task 112 (active tasks: 4)
2026-03-22 17:55:49,602 - hal.utils.local_runner - INFO - Completed task 109
2026-03-22 17:55:49,602 - hal.utils.local_runner - INFO - Starting task 113 (active tasks: 4)
2026-03-22 17:56:25,771 - hal.utils.local_runner - INFO - Completed task 110
2026-03-22 17:56:25,771 - hal.utils.local_runner - INFO - Starting task 114 (active tasks: 4)
2026-03-22 17:56:41,518 - hal.utils.local_runner - INFO - Completed task 111
2026-03-22 17:56:41,518 - hal.utils.local_runner - INFO - Starting task 115 (active tasks: 4)
2026-03-22 17:57:13,147 - hal.utils.local_runner - INFO - Completed task 114
2026-03-22 17:57:13,147 - hal.utils.local_runner - INFO - Starting task 116 (active tasks: 4)
2026-03-22 17:57:15,354 - hal.utils.local_runner - INFO - Completed task 112
2026-03-22 17:57:15,354 - hal.utils.local_runner - INFO - Starting task 117 (active tasks: 4)
2026-03-22 17:57:27,169 - hal.utils.local_runner - INFO - Completed task 115
2026-03-22 17:57:27,170 - hal.utils.local_runner - INFO - Starting task 118 (active tasks: 4)
2026-03-22 17:58:14,806 - hal.utils.local_runner - INFO - Completed task 117
2026-03-22 17:58:14,806 - hal.utils.local_runner - INFO - Starting task 119 (active tasks: 4)
2026-03-22 17:58:33,063 - hal.utils.local_runner - INFO - Completed task 116
2026-03-22 17:58:33,063 - hal.utils.local_runner - INFO - Starting task 120 (active tasks: 4)
2026-03-22 17:58:38,838 - hal.utils.local_runner - INFO - Completed task 118
2026-03-22 17:58:38,839 - hal.utils.local_runner - INFO - Starting task 121 (active tasks: 4)
2026-03-22 17:59:12,297 - hal.utils.local_runner - INFO - Completed task 120
2026-03-22 17:59:12,297 - hal.utils.local_runner - INFO - Starting task 122 (active tasks: 4)
2026-03-22 17:59:19,333 - hal.utils.local_runner - INFO - Completed task 121
2026-03-22 17:59:19,333 - hal.utils.local_runner - INFO - Starting task 123 (active tasks: 4)
2026-03-22 17:59:31,855 - hal.utils.local_runner - INFO - Completed task 119
2026-03-22 17:59:31,855 - hal.utils.local_runner - INFO - Starting task 124 (active tasks: 4)
2026-03-22 17:59:44,660 - hal.utils.local_runner - INFO - Completed task 113
2026-03-22 17:59:44,660 - hal.utils.local_runner - INFO - Starting task 125 (active tasks: 4)
2026-03-22 18:00:08,334 - hal.utils.local_runner - INFO - Completed task 122
2026-03-22 18:00:08,334 - hal.utils.local_runner - INFO - Starting task 126 (active tasks: 4)
2026-03-22 18:00:36,919 - hal.utils.local_runner - INFO - Completed task 124
2026-03-22 18:00:36,919 - hal.utils.local_runner - INFO - Starting task 127 (active tasks: 4)
2026-03-22 18:00:50,676 - hal.utils.local_runner - INFO - Completed task 123
2026-03-22 18:00:50,676 - hal.utils.local_runner - INFO - Starting task 128 (active tasks: 4)
2026-03-22 18:01:19,645 - hal.utils.local_runner - INFO - Completed task 125
2026-03-22 18:01:19,645 - hal.utils.local_runner - INFO - Starting task 129 (active tasks: 4)
2026-03-22 18:01:40,109 - hal.utils.local_runner - INFO - Completed task 127
2026-03-22 18:01:40,109 - hal.utils.local_runner - INFO - Starting task 130 (active tasks: 4)
2026-03-22 18:01:41,214 - hal.utils.local_runner - INFO - Completed task 128
2026-03-22 18:01:41,214 - hal.utils.local_runner - INFO - Starting task 131 (active tasks: 4)
2026-03-22 18:01:53,201 - hal.utils.local_runner - INFO - Completed task 126
2026-03-22 18:01:53,201 - hal.utils.local_runner - INFO - Starting task 132 (active tasks: 4)
2026-03-22 18:02:42,864 - hal.utils.local_runner - INFO - Completed task 132
2026-03-22 18:02:42,864 - hal.utils.local_runner - INFO - Starting task 133 (active tasks: 4)
2026-03-22 18:02:44,423 - hal.utils.local_runner - INFO - Completed task 129
2026-03-22 18:02:44,423 - hal.utils.local_runner - INFO - Starting task 134 (active tasks: 4)
2026-03-22 18:02:48,749 - hal.utils.local_runner - INFO - Completed task 130
2026-03-22 18:02:48,749 - hal.utils.local_runner - INFO - Starting task 135 (active tasks: 4)
2026-03-22 18:02:59,168 - hal.utils.local_runner - INFO - Completed task 131
2026-03-22 18:02:59,168 - hal.utils.local_runner - INFO - Starting task 136 (active tasks: 4)
2026-03-22 18:03:17,210 - hal.utils.local_runner - INFO - Completed task 133
2026-03-22 18:03:17,210 - hal.utils.local_runner - INFO - Starting task 137 (active tasks: 4)
2026-03-22 18:03:37,043 - hal.utils.local_runner - INFO - Completed task 136
2026-03-22 18:03:37,043 - hal.utils.local_runner - INFO - Starting task 138 (active tasks: 4)
2026-03-22 18:03:55,303 - hal.utils.local_runner - INFO - Completed task 134
2026-03-22 18:03:55,304 - hal.utils.local_runner - INFO - Starting task 139 (active tasks: 4)
2026-03-22 18:04:15,474 - hal.utils.local_runner - INFO - Completed task 135
2026-03-22 18:04:15,475 - hal.utils.local_runner - INFO - Starting task 140 (active tasks: 4)
2026-03-22 18:04:16,837 - hal.utils.local_runner - INFO - Completed task 138
2026-03-22 18:04:16,837 - hal.utils.local_runner - INFO - Starting task 141 (active tasks: 4)
2026-03-22 18:04:52,544 - hal.utils.local_runner - INFO - Completed task 140
2026-03-22 18:04:52,544 - hal.utils.local_runner - INFO - Starting task 142 (active tasks: 4)
2026-03-22 18:04:54,549 - hal.utils.local_runner - INFO - Completed task 139
2026-03-22 18:04:54,549 - hal.utils.local_runner - INFO - Starting task 143 (active tasks: 4)
2026-03-22 18:05:10,798 - hal.utils.local_runner - INFO - Completed task 141
2026-03-22 18:05:10,798 - hal.utils.local_runner - INFO - Starting task 144 (active tasks: 4)
2026-03-22 18:05:11,454 - hal.utils.local_runner - INFO - Completed task 137
2026-03-22 18:05:11,454 - hal.utils.local_runner - INFO - Starting task 145 (active tasks: 4)
2026-03-22 18:05:48,158 - hal.utils.local_runner - INFO - Completed task 144
2026-03-22 18:05:48,158 - hal.utils.local_runner - INFO - Starting task 146 (active tasks: 4)
2026-03-22 18:05:50,597 - hal.utils.local_runner - INFO - Completed task 143
2026-03-22 18:05:50,597 - hal.utils.local_runner - INFO - Starting task 147 (active tasks: 4)
2026-03-22 18:06:20,349 - hal.utils.local_runner - INFO - Completed task 142
2026-03-22 18:06:20,349 - hal.utils.local_runner - INFO - Starting task 148 (active tasks: 4)
2026-03-22 18:06:37,452 - hal.utils.local_runner - INFO - Completed task 145
2026-03-22 18:06:37,453 - hal.utils.local_runner - INFO - Starting task 149 (active tasks: 4)
2026-03-22 18:06:49,132 - hal.utils.local_runner - INFO - Completed task 147
2026-03-22 18:06:49,132 - hal.utils.local_runner - INFO - Starting task 150 (active tasks: 4)
2026-03-22 18:07:12,273 - hal.utils.local_runner - INFO - Completed task 146
2026-03-22 18:07:12,273 - hal.utils.local_runner - INFO - Starting task 151 (active tasks: 4)
2026-03-22 18:07:37,296 - hal.utils.local_runner - INFO - Completed task 150
2026-03-22 18:07:37,296 - hal.utils.local_runner - INFO - Starting task 152 (active tasks: 4)
2026-03-22 18:08:00,612 - hal.utils.local_runner - INFO - Completed task 149
2026-03-22 18:08:00,612 - hal.utils.local_runner - INFO - Starting task 153 (active tasks: 4)
2026-03-22 18:08:23,706 - hal.utils.local_runner - INFO - Completed task 148
2026-03-22 18:08:23,707 - hal.utils.local_runner - INFO - Starting task 154 (active tasks: 4)
2026-03-22 18:08:27,995 - hal.utils.local_runner - INFO - Completed task 152
2026-03-22 18:08:27,995 - hal.utils.local_runner - INFO - Starting task 155 (active tasks: 4)
2026-03-22 18:08:30,311 - hal.utils.local_runner - INFO - Completed task 151
2026-03-22 18:08:30,311 - hal.utils.local_runner - INFO - Starting task 156 (active tasks: 4)
2026-03-22 18:08:56,707 - hal.utils.local_runner - INFO - Completed task 154
2026-03-22 18:08:56,707 - hal.utils.local_runner - INFO - Starting task 157 (active tasks: 4)
2026-03-22 18:09:05,193 - hal.utils.local_runner - INFO - Completed task 156
2026-03-22 18:09:05,193 - hal.utils.local_runner - INFO - Starting task 158 (active tasks: 4)
2026-03-22 18:09:05,405 - hal.utils.local_runner - INFO - Completed task 153
2026-03-22 18:09:05,405 - hal.utils.local_runner - INFO - Starting task 159 (active tasks: 4)
2026-03-22 18:09:30,256 - hal.utils.local_runner - INFO - Completed task 155
2026-03-22 18:09:30,257 - hal.utils.local_runner - INFO - Starting task 160 (active tasks: 4)
2026-03-22 18:09:50,116 - hal.utils.local_runner - INFO - Completed task 157
2026-03-22 18:09:50,116 - hal.utils.local_runner - INFO - Starting task 161 (active tasks: 4)
2026-03-22 18:10:21,662 - hal.utils.local_runner - INFO - Completed task 159
2026-03-22 18:10:21,663 - hal.utils.local_runner - INFO - Starting task 162 (active tasks: 4)
2026-03-22 18:10:32,441 - hal.utils.local_runner - INFO - Completed task 158
2026-03-22 18:10:32,442 - hal.utils.local_runner - INFO - Starting task 163 (active tasks: 4)
2026-03-22 18:10:56,165 - hal.utils.local_runner - INFO - Completed task 160
2026-03-22 18:10:56,165 - hal.utils.local_runner - INFO - Starting task 164 (active tasks: 4)
2026-03-22 18:11:02,339 - hal.utils.local_runner - INFO - Completed task 161
2026-03-22 18:11:02,339 - hal.utils.local_runner - INFO - Starting task 165 (active tasks: 4)
2026-03-22 18:11:14,465 - hal.utils.local_runner - INFO - Completed task 162
2026-03-22 18:11:14,465 - hal.utils.local_runner - INFO - Starting task 166 (active tasks: 4)
2026-03-22 18:11:30,257 - hal.utils.local_runner - INFO - Completed task 164
2026-03-22 18:11:30,257 - hal.utils.local_runner - INFO - Starting task 167 (active tasks: 4)
2026-03-22 18:11:43,184 - hal.utils.local_runner - INFO - Completed task 163
2026-03-22 18:11:43,185 - hal.utils.local_runner - INFO - Starting task 168 (active tasks: 4)
2026-03-22 18:11:49,065 - hal.utils.local_runner - INFO - Completed task 165
2026-03-22 18:11:49,065 - hal.utils.local_runner - INFO - Starting task 169 (active tasks: 4)
2026-03-22 18:11:55,339 - hal.utils.local_runner - INFO - Completed task 166
2026-03-22 18:11:55,339 - hal.utils.local_runner - INFO - Starting task 170 (active tasks: 4)
2026-03-22 18:12:16,338 - hal.utils.local_runner - INFO - Completed task 168
2026-03-22 18:12:16,338 - hal.utils.local_runner - INFO - Starting task 171 (active tasks: 4)
2026-03-22 18:12:22,813 - hal.utils.local_runner - INFO - Completed task 167
2026-03-22 18:12:22,813 - hal.utils.local_runner - INFO - Starting task 172 (active tasks: 4)
2026-03-22 18:12:24,812 - hal.utils.local_runner - INFO - Completed task 169
2026-03-22 18:12:24,812 - hal.utils.local_runner - INFO - Starting task 173 (active tasks: 4)
2026-03-22 18:12:55,342 - hal.utils.local_runner - INFO - Completed task 170
2026-03-22 18:12:55,342 - hal.utils.local_runner - INFO - Starting task 174 (active tasks: 4)
2026-03-22 18:13:00,818 - hal.utils.local_runner - INFO - Completed task 172
2026-03-22 18:13:00,818 - hal.utils.local_runner - INFO - Starting task 175 (active tasks: 4)
2026-03-22 18:13:11,490 - hal.utils.local_runner - INFO - Completed task 173
2026-03-22 18:13:11,490 - hal.utils.local_runner - INFO - Starting task 176 (active tasks: 4)
2026-03-22 18:13:25,067 - hal.utils.local_runner - INFO - Completed task 171
2026-03-22 18:13:25,067 - hal.utils.local_runner - INFO - Starting task 177 (active tasks: 4)
2026-03-22 18:14:07,479 - hal.utils.local_runner - INFO - Completed task 175
2026-03-22 18:14:07,479 - hal.utils.local_runner - INFO - Starting task 178 (active tasks: 4)
2026-03-22 18:14:08,397 - hal.utils.local_runner - INFO - Completed task 177
2026-03-22 18:14:08,397 - hal.utils.local_runner - INFO - Starting task 179 (active tasks: 4)
2026-03-22 18:14:09,752 - hal.utils.local_runner - INFO - Completed task 174
2026-03-22 18:14:09,752 - hal.utils.local_runner - INFO - Starting task 180 (active tasks: 4)
2026-03-22 18:14:44,225 - hal.utils.local_runner - INFO - Completed task 178
2026-03-22 18:14:44,226 - hal.utils.local_runner - INFO - Starting task 181 (active tasks: 4)
2026-03-22 18:14:44,426 - hal.utils.local_runner - INFO - Completed task 176
2026-03-22 18:14:44,426 - hal.utils.local_runner - INFO - Starting task 182 (active tasks: 4)
2026-03-22 18:15:04,341 - hal.utils.local_runner - INFO - Completed task 179
2026-03-22 18:15:04,341 - hal.utils.local_runner - INFO - Starting task 183 (active tasks: 4)
2026-03-22 18:15:23,822 - hal.utils.local_runner - INFO - Completed task 180
2026-03-22 18:15:23,823 - hal.utils.local_runner - INFO - Starting task 184 (active tasks: 4)
2026-03-22 18:15:45,325 - hal.utils.local_runner - INFO - Completed task 181
2026-03-22 18:15:45,325 - hal.utils.local_runner - INFO - Starting task 185 (active tasks: 4)
2026-03-22 18:16:26,737 - hal.utils.local_runner - INFO - Completed task 183
2026-03-22 18:16:26,737 - hal.utils.local_runner - INFO - Starting task 186 (active tasks: 4)
2026-03-22 18:16:27,322 - hal.utils.local_runner - INFO - Completed task 184
2026-03-22 18:16:27,322 - hal.utils.local_runner - INFO - Starting task 187 (active tasks: 4)
2026-03-22 18:16:28,314 - hal.utils.local_runner - INFO - Completed task 182
2026-03-22 18:16:28,314 - hal.utils.local_runner - INFO - Starting task 188 (active tasks: 4)
2026-03-22 18:16:48,083 - hal.utils.local_runner - INFO - Completed task 185
2026-03-22 18:16:48,083 - hal.utils.local_runner - INFO - Starting task 189 (active tasks: 4)
2026-03-22 18:16:57,956 - hal.utils.local_runner - INFO - Completed task 188
2026-03-22 18:16:57,956 - hal.utils.local_runner - INFO - Starting task 190 (active tasks: 4)
2026-03-22 18:17:05,072 - hal.utils.local_runner - INFO - Completed task 187
2026-03-22 18:17:05,072 - hal.utils.local_runner - INFO - Starting task 191 (active tasks: 4)
2026-03-22 18:17:20,395 - hal.utils.local_runner - INFO - Completed task 189
2026-03-22 18:17:20,395 - hal.utils.local_runner - INFO - Starting task 192 (active tasks: 4)
2026-03-22 18:17:21,989 - hal.utils.local_runner - INFO - Completed task 186
2026-03-22 18:17:21,989 - hal.utils.local_runner - INFO - Starting task 193 (active tasks: 4)
2026-03-22 18:17:42,414 - hal.utils.local_runner - INFO - Completed task 191
2026-03-22 18:17:42,414 - hal.utils.local_runner - INFO - Starting task 194 (active tasks: 4)
2026-03-22 18:17:56,859 - hal.utils.local_runner - INFO - Completed task 190
2026-03-22 18:17:56,859 - hal.utils.local_runner - INFO - Starting task 195 (active tasks: 4)
2026-03-22 18:18:16,549 - hal.utils.local_runner - INFO - Completed task 192
2026-03-22 18:18:16,549 - hal.utils.local_runner - INFO - Starting task 196 (active tasks: 4)
2026-03-22 18:18:34,807 - hal.utils.local_runner - INFO - Completed task 195
2026-03-22 18:18:34,807 - hal.utils.local_runner - INFO - Starting task 197 (active tasks: 4)
2026-03-22 18:18:38,678 - hal.utils.local_runner - INFO - Completed task 193
2026-03-22 18:18:38,678 - hal.utils.local_runner - INFO - Starting task 198 (active tasks: 4)
2026-03-22 18:18:47,209 - hal.utils.local_runner - INFO - Completed task 194
2026-03-22 18:18:47,210 - hal.utils.local_runner - INFO - Starting task 199 (active tasks: 4)
2026-03-22 18:19:18,925 - hal.utils.local_runner - INFO - Completed task 196
2026-03-22 18:19:18,925 - hal.utils.local_runner - INFO - Starting task 200 (active tasks: 4)
2026-03-22 18:19:30,580 - hal.utils.local_runner - INFO - Completed task 198
2026-03-22 18:19:30,581 - hal.utils.local_runner - INFO - Starting task 201 (active tasks: 4)
2026-03-22 18:19:38,438 - hal.utils.local_runner - INFO - Completed task 199
2026-03-22 18:19:38,438 - hal.utils.local_runner - INFO - Starting task 202 (active tasks: 4)
2026-03-22 18:19:47,633 - hal.utils.local_runner - INFO - Completed task 200
2026-03-22 18:19:47,633 - hal.utils.local_runner - INFO - Starting task 203 (active tasks: 4)
2026-03-22 18:19:56,201 - hal.utils.local_runner - INFO - Completed task 197
2026-03-22 18:19:56,201 - hal.utils.local_runner - INFO - Starting task 204 (active tasks: 4)
2026-03-22 18:20:20,946 - hal.utils.local_runner - INFO - Completed task 201
2026-03-22 18:20:20,947 - hal.utils.local_runner - INFO - Starting task 205 (active tasks: 4)
2026-03-22 18:20:53,614 - hal.utils.local_runner - INFO - Completed task 204
2026-03-22 18:20:53,614 - hal.utils.local_runner - INFO - Starting task 206 (active tasks: 4)
2026-03-22 18:21:05,686 - hal.utils.local_runner - INFO - Completed task 203
2026-03-22 18:21:05,686 - hal.utils.local_runner - INFO - Starting task 207 (active tasks: 4)
2026-03-22 18:21:12,336 - hal.utils.local_runner - INFO - Completed task 205
2026-03-22 18:21:12,336 - hal.utils.local_runner - INFO - Starting task 208 (active tasks: 4)
2026-03-22 18:21:29,698 - hal.utils.local_runner - INFO - Completed task 202
2026-03-22 18:21:29,698 - hal.utils.local_runner - INFO - Starting task 209 (active tasks: 4)
2026-03-22 18:21:30,026 - hal.utils.local_runner - INFO - Completed task 206
2026-03-22 18:21:30,026 - hal.utils.local_runner - INFO - Starting task 210 (active tasks: 4)
2026-03-22 18:22:02,075 - hal.utils.local_runner - INFO - Completed task 207
2026-03-22 18:22:02,075 - hal.utils.local_runner - INFO - Starting task 211 (active tasks: 4)
2026-03-22 18:22:07,747 - hal.utils.local_runner - INFO - Completed task 208
2026-03-22 18:22:07,748 - hal.utils.local_runner - INFO - Starting task 212 (active tasks: 4)
2026-03-22 18:22:50,529 - hal.utils.local_runner - INFO - Completed task 212
2026-03-22 18:22:50,529 - hal.utils.local_runner - INFO - Starting task 213 (active tasks: 4)
2026-03-22 18:22:52,015 - hal.utils.local_runner - INFO - Completed task 209
2026-03-22 18:22:52,015 - hal.utils.local_runner - INFO - Starting task 214 (active tasks: 4)
2026-03-22 18:22:55,645 - hal.utils.local_runner - INFO - Completed task 210
2026-03-22 18:22:55,645 - hal.utils.local_runner - INFO - Starting task 215 (active tasks: 4)
2026-03-22 18:23:12,871 - hal.utils.local_runner - INFO - Completed task 211
2026-03-22 18:23:12,871 - hal.utils.local_runner - INFO - Starting task 216 (active tasks: 4)
2026-03-22 18:23:33,315 - hal.utils.local_runner - INFO - Completed task 213
2026-03-22 18:23:33,315 - hal.utils.local_runner - INFO - Starting task 217 (active tasks: 4)
2026-03-22 18:23:40,438 - hal.utils.local_runner - INFO - Completed task 214
2026-03-22 18:23:40,438 - hal.utils.local_runner - INFO - Starting task 218 (active tasks: 4)
2026-03-22 18:23:53,364 - hal.utils.local_runner - INFO - Completed task 216
2026-03-22 18:23:53,364 - hal.utils.local_runner - INFO - Starting task 219 (active tasks: 4)
2026-03-22 18:24:09,928 - hal.utils.local_runner - INFO - Completed task 215
2026-03-22 18:24:09,928 - hal.utils.local_runner - INFO - Starting task 220 (active tasks: 4)
2026-03-22 18:24:37,367 - hal.utils.local_runner - INFO - Completed task 217
2026-03-22 18:24:37,367 - hal.utils.local_runner - INFO - Starting task 221 (active tasks: 4)
2026-03-22 18:25:08,183 - hal.utils.local_runner - INFO - Completed task 219
2026-03-22 18:25:08,184 - hal.utils.local_runner - INFO - Starting task 222 (active tasks: 4)
2026-03-22 18:25:15,348 - hal.utils.local_runner - INFO - Completed task 220
2026-03-22 18:25:15,348 - hal.utils.local_runner - INFO - Starting task 223 (active tasks: 4)
2026-03-22 18:25:17,318 - hal.utils.local_runner - INFO - Completed task 218
2026-03-22 18:25:17,319 - hal.utils.local_runner - INFO - Starting task 224 (active tasks: 4)
2026-03-22 18:25:48,342 - hal.utils.local_runner - INFO - Completed task 223
2026-03-22 18:25:48,342 - hal.utils.local_runner - INFO - Starting task 225 (active tasks: 4)
2026-03-22 18:25:56,033 - hal.utils.local_runner - INFO - Completed task 222
2026-03-22 18:25:56,033 - hal.utils.local_runner - INFO - Starting task 226 (active tasks: 4)
2026-03-22 18:26:11,070 - hal.utils.local_runner - INFO - Completed task 221
2026-03-22 18:26:11,070 - hal.utils.local_runner - INFO - Starting task 227 (active tasks: 4)
2026-03-22 18:26:32,339 - hal.utils.local_runner - INFO - Completed task 225
2026-03-22 18:26:32,339 - hal.utils.local_runner - INFO - Starting task 228 (active tasks: 4)
2026-03-22 18:26:39,824 - hal.utils.local_runner - INFO - Completed task 224
2026-03-22 18:26:39,824 - hal.utils.local_runner - INFO - Starting task 229 (active tasks: 4)
2026-03-22 18:27:16,930 - hal.utils.local_runner - INFO - Completed task 227
2026-03-22 18:27:16,930 - hal.utils.local_runner - INFO - Starting task 230 (active tasks: 4)
2026-03-22 18:27:27,726 - hal.utils.local_runner - INFO - Completed task 228
2026-03-22 18:27:27,726 - hal.utils.local_runner - INFO - Starting task 231 (active tasks: 4)
2026-03-22 18:27:31,053 - hal.utils.local_runner - INFO - Completed task 226
2026-03-22 18:27:31,053 - hal.utils.local_runner - INFO - Starting task 232 (active tasks: 4)
2026-03-22 18:27:44,849 - hal.utils.local_runner - INFO - Completed task 229
2026-03-22 18:27:44,849 - hal.utils.local_runner - INFO - Starting task 233 (active tasks: 4)
2026-03-22 18:28:13,749 - hal.utils.local_runner - INFO - Completed task 232
2026-03-22 18:28:13,750 - hal.utils.local_runner - INFO - Starting task 234 (active tasks: 4)
2026-03-22 18:28:14,828 - hal.utils.local_runner - INFO - Completed task 230
2026-03-22 18:28:14,828 - hal.utils.local_runner - INFO - Starting task 235 (active tasks: 4)
2026-03-22 18:28:20,039 - hal.utils.local_runner - INFO - Completed task 231
2026-03-22 18:28:20,039 - hal.utils.local_runner - INFO - Starting task 236 (active tasks: 4)
2026-03-22 18:28:22,190 - hal.utils.local_runner - INFO - Completed task 233
2026-03-22 18:28:22,190 - hal.utils.local_runner - INFO - Starting task 237 (active tasks: 4)
2026-03-22 18:29:16,314 - hal.utils.local_runner - INFO - Completed task 237
2026-03-22 18:29:16,315 - hal.utils.local_runner - INFO - Starting task 238 (active tasks: 4)
2026-03-22 18:29:38,791 - hal.utils.local_runner - INFO - Completed task 235
2026-03-22 18:29:38,791 - hal.utils.local_runner - INFO - Starting task 239 (active tasks: 4)
2026-03-22 18:29:39,366 - hal.utils.local_runner - INFO - Completed task 234
2026-03-22 18:29:39,366 - hal.utils.local_runner - INFO - Starting task 240 (active tasks: 4)
2026-03-22 18:29:51,892 - hal.utils.local_runner - INFO - Completed task 236
2026-03-22 18:29:51,892 - hal.utils.local_runner - INFO - Starting task 241 (active tasks: 4)
2026-03-22 18:30:01,581 - hal.utils.local_runner - INFO - Completed task 238
2026-03-22 18:30:01,581 - hal.utils.local_runner - INFO - Starting task 242 (active tasks: 4)
2026-03-22 18:30:30,118 - hal.utils.local_runner - INFO - Completed task 240
2026-03-22 18:30:30,118 - hal.utils.local_runner - INFO - Starting task 243 (active tasks: 4)
2026-03-22 18:30:39,411 - hal.utils.local_runner - INFO - Completed task 239
2026-03-22 18:30:39,411 - hal.utils.local_runner - INFO - Starting task 244 (active tasks: 4)
2026-03-22 18:31:38,758 - hal.utils.local_runner - INFO - Completed task 241
2026-03-22 18:31:38,758 - hal.utils.local_runner - INFO - Starting task 245 (active tasks: 4)
2026-03-22 18:31:50,172 - hal.utils.local_runner - INFO - Completed task 243
2026-03-22 18:31:50,173 - hal.utils.local_runner - INFO - Starting task 246 (active tasks: 4)
2026-03-22 18:31:50,741 - hal.utils.local_runner - INFO - Completed task 242
2026-03-22 18:31:50,741 - hal.utils.local_runner - INFO - Starting task 247 (active tasks: 4)
2026-03-22 18:32:23,203 - hal.utils.local_runner - INFO - Completed task 244
2026-03-22 18:32:23,203 - hal.utils.local_runner - INFO - Starting task 248 (active tasks: 4)
2026-03-22 18:32:41,318 - hal.utils.local_runner - INFO - Completed task 247
2026-03-22 18:32:41,318 - hal.utils.local_runner - INFO - Starting task 249 (active tasks: 4)
2026-03-22 18:32:42,965 - hal.utils.local_runner - INFO - Completed task 245
2026-03-22 18:32:42,965 - hal.utils.local_runner - INFO - Starting task 250 (active tasks: 4)
2026-03-22 18:32:57,489 - hal.utils.local_runner - INFO - Completed task 246
2026-03-22 18:32:57,489 - hal.utils.local_runner - INFO - Starting task 251 (active tasks: 4)
2026-03-22 18:33:05,070 - hal.utils.local_runner - INFO - Completed task 248
2026-03-22 18:33:05,070 - hal.utils.local_runner - INFO - Starting task 252 (active tasks: 4)
2026-03-22 18:33:27,328 - hal.utils.local_runner - INFO - Completed task 250
2026-03-22 18:33:27,328 - hal.utils.local_runner - INFO - Starting task 253 (active tasks: 4)
2026-03-22 18:33:32,094 - hal.utils.local_runner - INFO - Completed task 252
2026-03-22 18:33:32,094 - hal.utils.local_runner - INFO - Starting task 254 (active tasks: 4)
2026-03-22 18:33:49,991 - hal.utils.local_runner - INFO - Completed task 249
2026-03-22 18:33:49,991 - hal.utils.local_runner - INFO - Starting task 255 (active tasks: 4)
2026-03-22 18:33:57,567 - hal.utils.local_runner - INFO - Completed task 251
2026-03-22 18:33:57,567 - hal.utils.local_runner - INFO - Starting task 256 (active tasks: 4)
2026-03-22 18:34:47,661 - hal.utils.local_runner - INFO - Completed task 254
2026-03-22 18:34:47,661 - hal.utils.local_runner - INFO - Starting task 257 (active tasks: 4)
2026-03-22 18:35:02,409 - hal.utils.local_runner - INFO - Completed task 253
2026-03-22 18:35:02,409 - hal.utils.local_runner - INFO - Starting task 258 (active tasks: 4)
2026-03-22 18:35:21,346 - hal.utils.local_runner - INFO - Completed task 256
2026-03-22 18:35:21,346 - hal.utils.local_runner - INFO - Starting task 259 (active tasks: 4)
2026-03-22 18:35:29,803 - hal.utils.local_runner - INFO - Completed task 255
2026-03-22 18:35:29,803 - hal.utils.local_runner - INFO - Starting task 260 (active tasks: 4)
2026-03-22 18:35:40,738 - hal.utils.local_runner - INFO - Completed task 258
2026-03-22 18:35:40,738 - hal.utils.local_runner - INFO - Starting task 261 (active tasks: 4)
2026-03-22 18:35:56,590 - hal.utils.local_runner - INFO - Completed task 257
2026-03-22 18:35:56,590 - hal.utils.local_runner - INFO - Starting task 262 (active tasks: 4)
2026-03-22 18:36:27,032 - hal.utils.local_runner - INFO - Completed task 259
2026-03-22 18:36:27,032 - hal.utils.local_runner - INFO - Starting task 263 (active tasks: 4)
2026-03-22 18:36:31,799 - hal.utils.local_runner - INFO - Completed task 262
2026-03-22 18:36:31,799 - hal.utils.local_runner - INFO - Starting task 264 (active tasks: 4)
2026-03-22 18:36:40,933 - hal.utils.local_runner - INFO - Completed task 261
2026-03-22 18:36:40,933 - hal.utils.local_runner - INFO - Starting task 265 (active tasks: 4)
2026-03-22 18:37:28,057 - hal.utils.local_runner - INFO - Completed task 263
2026-03-22 18:37:28,057 - hal.utils.local_runner - INFO - Starting task 266 (active tasks: 4)
2026-03-22 18:37:51,216 - hal.utils.local_runner - INFO - Completed task 265
2026-03-22 18:37:51,216 - hal.utils.local_runner - INFO - Starting task 267 (active tasks: 4)
2026-03-22 18:38:15,849 - hal.utils.local_runner - INFO - Completed task 264
2026-03-22 18:38:15,849 - hal.utils.local_runner - INFO - Starting task 268 (active tasks: 4)
2026-03-22 18:38:22,131 - hal.utils.local_runner - INFO - Completed task 266
2026-03-22 18:38:22,132 - hal.utils.local_runner - INFO - Starting task 269 (active tasks: 4)
2026-03-22 18:38:25,516 - hal.utils.local_runner - INFO - Completed task 260
2026-03-22 18:38:25,516 - hal.utils.local_runner - INFO - Starting task 270 (active tasks: 4)
2026-03-22 18:39:04,284 - hal.utils.local_runner - INFO - Completed task 270
2026-03-22 18:39:04,284 - hal.utils.local_runner - INFO - Starting task 271 (active tasks: 4)
2026-03-22 18:39:09,509 - hal.utils.local_runner - INFO - Completed task 267
2026-03-22 18:39:09,509 - hal.utils.local_runner - INFO - Starting task 272 (active tasks: 4)
2026-03-22 18:39:15,437 - hal.utils.local_runner - INFO - Completed task 269
2026-03-22 18:39:15,437 - hal.utils.local_runner - INFO - Starting task 273 (active tasks: 4)
2026-03-22 18:39:38,813 - hal.utils.local_runner - INFO - Completed task 268
2026-03-22 18:39:38,813 - hal.utils.local_runner - INFO - Starting task 274 (active tasks: 4)
2026-03-22 18:39:39,627 - hal.utils.local_runner - INFO - Completed task 271
2026-03-22 18:39:39,628 - hal.utils.local_runner - INFO - Starting task 275 (active tasks: 4)
2026-03-22 18:39:46,975 - hal.utils.local_runner - INFO - Completed task 272
2026-03-22 18:39:46,975 - hal.utils.local_runner - INFO - Starting task 276 (active tasks: 4)
2026-03-22 18:40:00,668 - hal.utils.local_runner - INFO - Completed task 273
2026-03-22 18:40:00,668 - hal.utils.local_runner - INFO - Starting task 277 (active tasks: 4)
2026-03-22 18:40:31,706 - hal.utils.local_runner - INFO - Completed task 275
2026-03-22 18:40:31,706 - hal.utils.local_runner - INFO - Starting task 278 (active tasks: 4)
2026-03-22 18:40:55,824 - hal.utils.local_runner - INFO - Completed task 274
2026-03-22 18:40:55,825 - hal.utils.local_runner - INFO - Starting task 279 (active tasks: 4)
2026-03-22 18:41:15,081 - hal.utils.local_runner - INFO - Completed task 277
2026-03-22 18:41:15,081 - hal.utils.local_runner - INFO - Starting task 280 (active tasks: 4)
2026-03-22 18:41:21,302 - hal.utils.local_runner - INFO - Completed task 276
2026-03-22 18:41:21,303 - hal.utils.local_runner - INFO - Starting task 281 (active tasks: 4)
2026-03-22 18:41:41,918 - hal.utils.local_runner - INFO - Completed task 278
2026-03-22 18:41:41,918 - hal.utils.local_runner - INFO - Starting task 282 (active tasks: 4)
2026-03-22 18:42:04,352 - hal.utils.local_runner - INFO - Completed task 281
2026-03-22 18:42:04,352 - hal.utils.local_runner - INFO - Starting task 283 (active tasks: 4)
2026-03-22 18:42:54,352 - hal.utils.local_runner - INFO - Completed task 280
2026-03-22 18:42:54,352 - hal.utils.local_runner - INFO - Starting task 284 (active tasks: 4)
2026-03-22 18:43:06,303 - hal.utils.local_runner - INFO - Completed task 282
2026-03-22 18:43:06,303 - hal.utils.local_runner - INFO - Starting task 285 (active tasks: 4)
2026-03-22 18:44:02,560 - hal.utils.local_runner - INFO - Completed task 279
2026-03-22 18:44:02,560 - hal.utils.local_runner - INFO - Starting task 286 (active tasks: 4)
2026-03-22 18:44:07,715 - hal.utils.local_runner - INFO - Completed task 285
2026-03-22 18:44:07,715 - hal.utils.local_runner - INFO - Starting task 287 (active tasks: 4)
2026-03-22 18:44:24,991 - hal.utils.local_runner - INFO - Completed task 283
2026-03-22 18:44:24,991 - hal.utils.local_runner - INFO - Starting task 288 (active tasks: 4)
2026-03-22 18:44:32,638 - hal.utils.local_runner - INFO - Completed task 286
2026-03-22 18:44:32,638 - hal.utils.local_runner - INFO - Starting task 289 (active tasks: 4)
2026-03-22 18:44:59,994 - hal.utils.local_runner - INFO - Completed task 288
2026-03-22 18:44:59,994 - hal.utils.local_runner - INFO - Starting task 290 (active tasks: 4)
2026-03-22 18:45:08,561 - hal.utils.local_runner - INFO - Completed task 287
2026-03-22 18:45:08,561 - hal.utils.local_runner - INFO - Starting task 291 (active tasks: 4)
2026-03-22 18:45:54,041 - hal.utils.local_runner - INFO - Completed task 284
2026-03-22 18:45:54,041 - hal.utils.local_runner - INFO - Starting task 292 (active tasks: 4)
2026-03-22 18:46:01,287 - hal.utils.local_runner - INFO - Completed task 289
2026-03-22 18:46:01,287 - hal.utils.local_runner - INFO - Starting task 293 (active tasks: 4)
2026-03-22 18:46:02,166 - hal.utils.local_runner - INFO - Completed task 290
2026-03-22 18:46:02,166 - hal.utils.local_runner - INFO - Starting task 294 (active tasks: 4)
2026-03-22 18:46:43,514 - hal.utils.local_runner - INFO - Completed task 291
2026-03-22 18:46:43,515 - hal.utils.local_runner - INFO - Starting task 295 (active tasks: 4)
2026-03-22 18:46:48,407 - hal.utils.local_runner - INFO - Completed task 293
2026-03-22 18:46:48,407 - hal.utils.local_runner - INFO - Starting task 296 (active tasks: 4)
2026-03-22 18:47:13,003 - hal.utils.local_runner - INFO - Completed task 294
2026-03-22 18:47:13,003 - hal.utils.local_runner - INFO - Starting task 297 (active tasks: 4)
2026-03-22 18:47:31,464 - hal.utils.local_runner - INFO - Completed task 296
2026-03-22 18:47:31,464 - hal.utils.local_runner - INFO - Starting task 298 (active tasks: 4)
2026-03-22 18:47:50,451 - hal.utils.local_runner - INFO - Completed task 295
2026-03-22 18:47:50,451 - hal.utils.local_runner - INFO - Starting task 299 (active tasks: 4)
2026-03-22 18:48:18,483 - hal.utils.local_runner - INFO - Completed task 299
2026-03-22 18:48:18,483 - hal.utils.local_runner - INFO - Starting task 300 (active tasks: 4)
2026-03-22 18:48:43,844 - hal.utils.local_runner - INFO - Completed task 292
2026-03-22 18:48:43,844 - hal.utils.local_runner - INFO - Starting task 301 (active tasks: 4)
2026-03-22 18:48:55,922 - hal.utils.local_runner - INFO - Completed task 297
2026-03-22 18:48:55,922 - hal.utils.local_runner - INFO - Starting task 302 (active tasks: 4)
2026-03-22 18:49:12,576 - hal.utils.local_runner - INFO - Completed task 298
2026-03-22 18:49:12,576 - hal.utils.local_runner - INFO - Starting task 303 (active tasks: 4)
2026-03-22 18:49:54,459 - hal.utils.local_runner - INFO - Completed task 303
2026-03-22 18:49:54,459 - hal.utils.local_runner - INFO - Starting task 304 (active tasks: 4)
2026-03-22 18:50:08,906 - hal.utils.local_runner - INFO - Completed task 301
2026-03-22 18:50:08,906 - hal.utils.local_runner - INFO - Starting task 305 (active tasks: 4)
2026-03-22 18:50:10,084 - hal.utils.local_runner - INFO - Completed task 300
2026-03-22 18:50:10,084 - hal.utils.local_runner - INFO - Starting task 306 (active tasks: 4)
2026-03-22 18:50:14,271 - hal.utils.local_runner - INFO - Completed task 302
2026-03-22 18:50:14,271 - hal.utils.local_runner - INFO - Starting task 307 (active tasks: 4)
2026-03-22 18:51:05,565 - hal.utils.local_runner - INFO - Completed task 307
2026-03-22 18:51:05,565 - hal.utils.local_runner - INFO - Starting task 308 (active tasks: 4)
2026-03-22 18:51:11,011 - hal.utils.local_runner - INFO - Completed task 305
2026-03-22 18:51:11,012 - hal.utils.local_runner - INFO - Starting task 309 (active tasks: 4)
2026-03-22 18:51:12,563 - hal.utils.local_runner - INFO - Completed task 304
2026-03-22 18:51:12,563 - hal.utils.local_runner - INFO - Starting task 310 (active tasks: 4)
2026-03-22 18:51:21,140 - hal.utils.local_runner - INFO - Completed task 306
2026-03-22 18:51:21,140 - hal.utils.local_runner - INFO - Starting task 311 (active tasks: 4)
2026-03-22 18:52:01,684 - hal.utils.local_runner - INFO - Completed task 311
2026-03-22 18:52:01,684 - hal.utils.local_runner - INFO - Starting task 312 (active tasks: 4)
2026-03-22 18:52:30,907 - hal.utils.local_runner - INFO - Completed task 310
2026-03-22 18:52:30,907 - hal.utils.local_runner - INFO - Starting task 313 (active tasks: 4)
2026-03-22 18:52:41,576 - hal.utils.local_runner - INFO - Completed task 308
2026-03-22 18:52:41,576 - hal.utils.local_runner - INFO - Starting task 314 (active tasks: 4)
2026-03-22 18:53:08,896 - hal.utils.local_runner - INFO - Completed task 309
2026-03-22 18:53:08,896 - hal.utils.local_runner - INFO - Starting task 315 (active tasks: 4)
2026-03-22 18:53:50,022 - hal.utils.local_runner - INFO - Completed task 313
2026-03-22 18:53:50,023 - hal.utils.local_runner - INFO - Starting task 316 (active tasks: 4)
2026-03-22 18:53:50,165 - hal.utils.local_runner - INFO - Completed task 312
2026-03-22 18:53:50,165 - hal.utils.local_runner - INFO - Starting task 317 (active tasks: 4)
2026-03-22 18:54:37,020 - hal.utils.local_runner - INFO - Completed task 314
2026-03-22 18:54:37,021 - hal.utils.local_runner - INFO - Starting task 318 (active tasks: 4)
2026-03-22 18:54:46,408 - hal.utils.local_runner - INFO - Completed task 315
2026-03-22 18:54:46,408 - hal.utils.local_runner - INFO - Starting task 319 (active tasks: 4)
2026-03-22 18:55:28,827 - hal.utils.local_runner - INFO - Completed task 317
2026-03-22 18:55:28,827 - hal.utils.local_runner - INFO - Starting task 320 (active tasks: 4)
2026-03-22 18:55:36,692 - hal.utils.local_runner - INFO - Completed task 316
2026-03-22 18:55:36,692 - hal.utils.local_runner - INFO - Starting task 321 (active tasks: 4)
2026-03-22 18:55:48,947 - hal.utils.local_runner - INFO - Completed task 319
2026-03-22 18:55:48,947 - hal.utils.local_runner - INFO - Starting task 322 (active tasks: 4)
2026-03-22 18:56:14,730 - hal.utils.local_runner - INFO - Completed task 321
2026-03-22 18:56:14,730 - hal.utils.local_runner - INFO - Starting task 323 (active tasks: 4)
2026-03-22 18:56:26,063 - hal.utils.local_runner - INFO - Completed task 318
2026-03-22 18:56:26,064 - hal.utils.local_runner - INFO - Starting task 324 (active tasks: 4)
2026-03-22 18:56:38,561 - hal.utils.local_runner - INFO - Completed task 320
2026-03-22 18:56:38,561 - hal.utils.local_runner - INFO - Starting task 325 (active tasks: 4)
2026-03-22 18:57:08,880 - hal.utils.local_runner - INFO - Completed task 322
2026-03-22 18:57:08,880 - hal.utils.local_runner - INFO - Starting task 326 (active tasks: 4)
2026-03-22 18:57:28,003 - hal.utils.local_runner - INFO - Completed task 323
2026-03-22 18:57:28,004 - hal.utils.local_runner - INFO - Starting task 327 (active tasks: 4)
2026-03-22 18:57:30,310 - hal.utils.local_runner - INFO - Completed task 324
2026-03-22 18:57:30,310 - hal.utils.local_runner - INFO - Starting task 328 (active tasks: 4)
2026-03-22 18:58:09,600 - hal.utils.local_runner - INFO - Completed task 325
2026-03-22 18:58:09,600 - hal.utils.local_runner - INFO - Starting task 329 (active tasks: 4)
2026-03-22 18:58:30,076 - hal.utils.local_runner - INFO - Completed task 326
2026-03-22 18:58:30,076 - hal.utils.local_runner - INFO - Starting task 330 (active tasks: 4)
2026-03-22 18:58:41,161 - hal.utils.local_runner - INFO - Completed task 328
2026-03-22 18:58:41,161 - hal.utils.local_runner - INFO - Starting task 331 (active tasks: 4)
2026-03-22 18:59:17,798 - hal.utils.local_runner - INFO - Completed task 327
2026-03-22 18:59:17,799 - hal.utils.local_runner - INFO - Starting task 332 (active tasks: 4)
2026-03-22 18:59:25,686 - hal.utils.local_runner - INFO - Completed task 329
2026-03-22 18:59:25,686 - hal.utils.local_runner - INFO - Starting task 333 (active tasks: 4)
2026-03-22 18:59:45,491 - hal.utils.local_runner - INFO - Completed task 331
2026-03-22 18:59:45,491 - hal.utils.local_runner - INFO - Starting task 334 (active tasks: 4)
2026-03-22 19:00:11,731 - hal.utils.local_runner - INFO - Completed task 333
2026-03-22 19:00:11,731 - hal.utils.local_runner - INFO - Starting task 335 (active tasks: 4)
2026-03-22 19:00:39,652 - hal.utils.local_runner - INFO - Completed task 334
2026-03-22 19:00:39,652 - hal.utils.local_runner - INFO - Starting task 336 (active tasks: 4)
2026-03-22 19:00:46,454 - hal.utils.local_runner - INFO - Completed task 330
2026-03-22 19:00:46,454 - hal.utils.local_runner - INFO - Starting task 337 (active tasks: 4)
2026-03-22 19:01:20,842 - hal.utils.local_runner - INFO - Completed task 336
2026-03-22 19:01:20,842 - hal.utils.local_runner - INFO - Starting task 338 (active tasks: 4)
2026-03-22 19:01:24,820 - hal.utils.local_runner - INFO - Completed task 335
2026-03-22 19:01:24,820 - hal.utils.local_runner - INFO - Starting task 339 (active tasks: 4)
2026-03-22 19:01:40,246 - hal.utils.local_runner - INFO - Completed task 332
2026-03-22 19:01:40,246 - hal.utils.local_runner - INFO - Starting task 340 (active tasks: 4)
2026-03-22 19:01:57,941 - hal.utils.local_runner - INFO - Completed task 337
2026-03-22 19:01:57,942 - hal.utils.local_runner - INFO - Starting task 341 (active tasks: 4)
2026-03-22 19:02:30,788 - hal.utils.local_runner - INFO - Completed task 339
2026-03-22 19:02:30,789 - hal.utils.local_runner - INFO - Starting task 342 (active tasks: 4)
2026-03-22 19:02:43,928 - hal.utils.local_runner - INFO - Completed task 341
2026-03-22 19:02:43,929 - hal.utils.local_runner - INFO - Starting task 343 (active tasks: 4)
2026-03-22 19:02:52,958 - hal.utils.local_runner - INFO - Completed task 340
2026-03-22 19:02:52,958 - hal.utils.local_runner - INFO - Starting task 344 (active tasks: 4)
2026-03-22 19:02:59,579 - hal.utils.local_runner - INFO - Completed task 338
2026-03-22 19:02:59,580 - hal.utils.local_runner - INFO - Starting task 345 (active tasks: 4)
2026-03-22 19:03:30,110 - hal.utils.local_runner - INFO - Completed task 345
2026-03-22 19:03:30,110 - hal.utils.local_runner - INFO - Starting task 346 (active tasks: 4)
2026-03-22 19:04:02,551 - hal.utils.local_runner - INFO - Completed task 344
2026-03-22 19:04:02,551 - hal.utils.local_runner - INFO - Starting task 347 (active tasks: 4)
2026-03-22 19:04:21,181 - hal.utils.local_runner - INFO - Completed task 343
2026-03-22 19:04:21,181 - hal.utils.local_runner - INFO - Starting task 348 (active tasks: 4)
2026-03-22 19:05:07,180 - hal.utils.local_runner - INFO - Completed task 346
2026-03-22 19:05:07,181 - hal.utils.local_runner - INFO - Starting task 349 (active tasks: 4)
2026-03-22 19:05:10,500 - hal.utils.local_runner - INFO - Completed task 347
2026-03-22 19:05:10,500 - hal.utils.local_runner - INFO - Starting task 350 (active tasks: 4)
2026-03-22 19:05:54,187 - hal.utils.local_runner - INFO - Completed task 350
2026-03-22 19:05:54,187 - hal.utils.local_runner - INFO - Starting task 351 (active tasks: 4)
2026-03-22 19:06:01,302 - hal.utils.local_runner - INFO - Completed task 348
2026-03-22 19:06:01,302 - hal.utils.local_runner - INFO - Starting task 352 (active tasks: 4)
2026-03-22 19:06:06,912 - hal.utils.local_runner - INFO - Completed task 342
2026-03-22 19:06:06,912 - hal.utils.local_runner - INFO - Starting task 353 (active tasks: 4)
2026-03-22 19:06:12,568 - hal.utils.local_runner - INFO - Completed task 349
2026-03-22 19:06:12,568 - hal.utils.local_runner - INFO - Starting task 354 (active tasks: 4)
2026-03-22 19:06:36,162 - hal.utils.local_runner - INFO - Completed task 351
2026-03-22 19:06:36,163 - hal.utils.local_runner - INFO - Starting task 355 (active tasks: 4)
2026-03-22 19:07:02,627 - hal.utils.local_runner - INFO - Completed task 354
2026-03-22 19:07:02,627 - hal.utils.local_runner - INFO - Starting task 356 (active tasks: 4)
2026-03-22 19:07:07,918 - hal.utils.local_runner - INFO - Completed task 352
2026-03-22 19:07:07,918 - hal.utils.local_runner - INFO - Starting task 357 (active tasks: 4)
2026-03-22 19:07:23,381 - hal.utils.local_runner - INFO - Completed task 355
2026-03-22 19:07:23,382 - hal.utils.local_runner - INFO - Starting task 358 (active tasks: 4)
2026-03-22 19:07:49,185 - hal.utils.local_runner - INFO - Completed task 353
2026-03-22 19:07:49,185 - hal.utils.local_runner - INFO - Starting task 359 (active tasks: 4)
2026-03-22 19:08:00,640 - hal.utils.local_runner - INFO - Completed task 357
2026-03-22 19:08:00,640 - hal.utils.local_runner - INFO - Starting task 360 (active tasks: 4)
2026-03-22 19:08:10,805 - hal.utils.local_runner - INFO - Completed task 358
2026-03-22 19:08:10,806 - hal.utils.local_runner - INFO - Starting task 361 (active tasks: 4)
2026-03-22 19:08:38,701 - hal.utils.local_runner - INFO - Completed task 359
2026-03-22 19:08:38,702 - hal.utils.local_runner - INFO - Starting task 362 (active tasks: 4)
2026-03-22 19:08:58,024 - hal.utils.local_runner - INFO - Completed task 356
2026-03-22 19:08:58,024 - hal.utils.local_runner - INFO - Starting task 363 (active tasks: 4)
2026-03-22 19:09:34,369 - hal.utils.local_runner - INFO - Completed task 360
2026-03-22 19:09:34,369 - hal.utils.local_runner - INFO - Starting task 364 (active tasks: 4)
2026-03-22 19:10:06,397 - hal.utils.local_runner - INFO - Completed task 361
2026-03-22 19:10:06,397 - hal.utils.local_runner - INFO - Starting task 365 (active tasks: 4)
2026-03-22 19:10:07,813 - hal.utils.local_runner - INFO - Completed task 362
2026-03-22 19:10:07,813 - hal.utils.local_runner - INFO - Starting task 366 (active tasks: 4)
2026-03-22 19:10:12,067 - hal.utils.local_runner - INFO - Completed task 363
2026-03-22 19:10:12,067 - hal.utils.local_runner - INFO - Starting task 367 (active tasks: 4)
2026-03-22 19:10:52,352 - hal.utils.local_runner - INFO - Completed task 365
2026-03-22 19:10:52,352 - hal.utils.local_runner - INFO - Starting task 368 (active tasks: 4)
2026-03-22 19:10:57,881 - hal.utils.local_runner - INFO - Completed task 367
2026-03-22 19:10:57,882 - hal.utils.local_runner - INFO - Starting task 369 (active tasks: 4)
2026-03-22 19:11:05,321 - hal.utils.local_runner - INFO - Completed task 364
2026-03-22 19:11:05,321 - hal.utils.local_runner - INFO - Starting task 370 (active tasks: 4)
2026-03-22 19:11:05,802 - hal.utils.local_runner - INFO - Completed task 366
2026-03-22 19:11:05,802 - hal.utils.local_runner - INFO - Starting task 371 (active tasks: 4)
2026-03-22 19:11:48,937 - hal.utils.local_runner - INFO - Completed task 368
2026-03-22 19:11:48,937 - hal.utils.local_runner - INFO - Starting task 372 (active tasks: 4)
2026-03-22 19:11:59,885 - hal.utils.local_runner - INFO - Completed task 371
2026-03-22 19:11:59,885 - hal.utils.local_runner - INFO - Starting task 373 (active tasks: 4)
2026-03-22 19:12:04,541 - hal.utils.local_runner - INFO - Completed task 370
2026-03-22 19:12:04,541 - hal.utils.local_runner - INFO - Starting task 374 (active tasks: 4)
2026-03-22 19:12:23,432 - hal.utils.local_runner - INFO - Completed task 369
2026-03-22 19:12:23,432 - hal.utils.local_runner - INFO - Starting task 375 (active tasks: 4)
2026-03-22 19:12:55,659 - hal.utils.local_runner - INFO - Completed task 375
2026-03-22 19:12:55,659 - hal.utils.local_runner - INFO - Starting task 376 (active tasks: 4)
2026-03-22 19:12:59,372 - hal.utils.local_runner - INFO - Completed task 372
2026-03-22 19:12:59,373 - hal.utils.local_runner - INFO - Starting task 377 (active tasks: 4)
2026-03-22 19:12:59,965 - hal.utils.local_runner - INFO - Completed task 374
2026-03-22 19:12:59,965 - hal.utils.local_runner - INFO - Starting task 378 (active tasks: 4)
2026-03-22 19:13:30,842 - hal.utils.local_runner - INFO - Completed task 373
2026-03-22 19:13:30,842 - hal.utils.local_runner - INFO - Starting task 379 (active tasks: 4)
2026-03-22 19:13:53,599 - hal.utils.local_runner - INFO - Completed task 378
2026-03-22 19:13:53,599 - hal.utils.local_runner - INFO - Starting task 380 (active tasks: 4)
2026-03-22 19:13:56,407 - hal.utils.local_runner - INFO - Completed task 376
2026-03-22 19:13:56,407 - hal.utils.local_runner - INFO - Starting task 381 (active tasks: 4)
2026-03-22 19:13:56,512 - hal.utils.local_runner - INFO - Completed task 379
2026-03-22 19:13:56,512 - hal.utils.local_runner - INFO - Starting task 382 (active tasks: 4)
2026-03-22 19:14:18,137 - hal.utils.local_runner - INFO - Completed task 377
2026-03-22 19:14:18,137 - hal.utils.local_runner - INFO - Starting task 383 (active tasks: 4)
2026-03-22 19:14:42,893 - hal.utils.local_runner - INFO - Completed task 382
2026-03-22 19:14:42,893 - hal.utils.local_runner - INFO - Starting task 384 (active tasks: 4)
2026-03-22 19:15:15,968 - hal.utils.local_runner - INFO - Completed task 380
2026-03-22 19:15:15,969 - hal.utils.local_runner - INFO - Starting task 385 (active tasks: 4)
2026-03-22 19:15:33,906 - hal.utils.local_runner - INFO - Completed task 381
2026-03-22 19:15:33,906 - hal.utils.local_runner - INFO - Starting task 386 (active tasks: 4)
2026-03-22 19:15:40,893 - hal.utils.local_runner - INFO - Completed task 384
2026-03-22 19:15:40,893 - hal.utils.local_runner - INFO - Starting task 387 (active tasks: 4)
2026-03-22 19:15:54,899 - hal.utils.local_runner - INFO - Completed task 383
2026-03-22 19:15:54,899 - hal.utils.local_runner - INFO - Starting task 388 (active tasks: 4)
2026-03-22 19:15:56,734 - hal.utils.local_runner - INFO - Completed task 385
2026-03-22 19:15:56,734 - hal.utils.local_runner - INFO - Starting task 389 (active tasks: 4)
2026-03-22 19:16:45,010 - hal.utils.local_runner - INFO - Completed task 388
2026-03-22 19:16:45,010 - hal.utils.local_runner - INFO - Starting task 390 (active tasks: 4)
2026-03-22 19:16:47,732 - hal.utils.local_runner - INFO - Completed task 386
2026-03-22 19:16:47,732 - hal.utils.local_runner - INFO - Starting task 391 (active tasks: 4)
2026-03-22 19:17:14,615 - hal.utils.local_runner - INFO - Completed task 390
2026-03-22 19:17:14,615 - hal.utils.local_runner - INFO - Starting task 392 (active tasks: 4)
2026-03-22 19:17:17,392 - hal.utils.local_runner - INFO - Completed task 391
2026-03-22 19:17:17,392 - hal.utils.local_runner - INFO - Starting task 393 (active tasks: 4)
2026-03-22 19:17:31,674 - hal.utils.local_runner - INFO - Completed task 389
2026-03-22 19:17:31,674 - hal.utils.local_runner - INFO - Starting task 394 (active tasks: 4)
2026-03-22 19:17:54,181 - hal.utils.local_runner - INFO - Completed task 393
2026-03-22 19:17:54,181 - hal.utils.local_runner - INFO - Starting task 395 (active tasks: 4)
2026-03-22 19:18:10,626 - hal.utils.local_runner - INFO - Completed task 392
2026-03-22 19:18:10,626 - hal.utils.local_runner - INFO - Starting task 396 (active tasks: 4)
2026-03-22 19:18:35,275 - hal.utils.local_runner - INFO - Completed task 394
2026-03-22 19:18:35,275 - hal.utils.local_runner - INFO - Starting task 397 (active tasks: 4)
2026-03-22 19:18:57,472 - hal.utils.local_runner - INFO - Completed task 396
2026-03-22 19:18:57,472 - hal.utils.local_runner - INFO - Starting task 398 (active tasks: 4)
2026-03-22 19:19:10,122 - hal.utils.local_runner - INFO - Completed task 395
2026-03-22 19:19:10,122 - hal.utils.local_runner - INFO - Starting task 399 (active tasks: 4)
2026-03-22 19:19:31,571 - hal.utils.local_runner - INFO - Completed task 397
2026-03-22 19:19:31,571 - hal.utils.local_runner - INFO - Starting task 400 (active tasks: 4)
2026-03-22 19:19:57,187 - hal.utils.local_runner - INFO - Completed task 399
2026-03-22 19:19:57,187 - hal.utils.local_runner - INFO - Starting task 401 (active tasks: 4)
2026-03-22 19:20:18,402 - hal.utils.local_runner - INFO - Completed task 400
2026-03-22 19:20:18,402 - hal.utils.local_runner - INFO - Starting task 402 (active tasks: 4)
2026-03-22 19:20:25,281 - hal.utils.local_runner - INFO - Completed task 398
2026-03-22 19:20:25,282 - hal.utils.local_runner - INFO - Starting task 403 (active tasks: 4)
2026-03-22 19:20:36,956 - hal.utils.local_runner - INFO - Completed task 387
2026-03-22 19:20:36,956 - hal.utils.local_runner - INFO - Starting task 404 (active tasks: 4)
2026-03-22 19:20:45,468 - hal.utils.local_runner - INFO - Completed task 401
2026-03-22 19:20:45,468 - hal.utils.local_runner - INFO - Starting task 405 (active tasks: 4)
2026-03-22 19:21:13,660 - hal.utils.local_runner - INFO - Completed task 404
2026-03-22 19:21:13,661 - hal.utils.local_runner - INFO - Starting task 406 (active tasks: 4)
2026-03-22 19:21:16,395 - hal.utils.local_runner - INFO - Completed task 403
2026-03-22 19:21:16,395 - hal.utils.local_runner - INFO - Starting task 407 (active tasks: 4)
2026-03-22 19:21:36,241 - hal.utils.local_runner - INFO - Completed task 405
2026-03-22 19:21:36,241 - hal.utils.local_runner - INFO - Starting task 408 (active tasks: 4)
2026-03-22 19:21:44,860 - hal.utils.local_runner - INFO - Completed task 407
2026-03-22 19:21:44,860 - hal.utils.local_runner - INFO - Starting task 409 (active tasks: 4)
2026-03-22 19:21:52,251 - hal.utils.local_runner - INFO - Completed task 406
2026-03-22 19:21:52,251 - hal.utils.local_runner - INFO - Starting task 410 (active tasks: 4)
2026-03-22 19:21:58,628 - hal.utils.local_runner - INFO - Completed task 402
2026-03-22 19:21:58,628 - hal.utils.local_runner - INFO - Starting task 411 (active tasks: 4)
2026-03-22 19:22:39,290 - hal.utils.local_runner - INFO - Completed task 410
2026-03-22 19:22:39,290 - hal.utils.local_runner - INFO - Starting task 412 (active tasks: 4)
2026-03-22 19:22:41,326 - hal.utils.local_runner - INFO - Completed task 408
2026-03-22 19:22:41,326 - hal.utils.local_runner - INFO - Starting task 413 (active tasks: 4)
2026-03-22 19:22:49,250 - hal.utils.local_runner - INFO - Completed task 411
2026-03-22 19:22:49,250 - hal.utils.local_runner - INFO - Starting task 414 (active tasks: 4)
2026-03-22 19:23:14,788 - hal.utils.local_runner - INFO - Completed task 409
2026-03-22 19:23:14,788 - hal.utils.local_runner - INFO - Starting task 415 (active tasks: 4)
2026-03-22 19:23:27,789 - hal.utils.local_runner - INFO - Completed task 414
2026-03-22 19:23:27,789 - hal.utils.local_runner - INFO - Starting task 416 (active tasks: 4)
2026-03-22 19:23:32,535 - hal.utils.local_runner - INFO - Completed task 412
2026-03-22 19:23:32,535 - hal.utils.local_runner - INFO - Starting task 417 (active tasks: 4)
2026-03-22 19:24:03,037 - hal.utils.local_runner - INFO - Completed task 413
2026-03-22 19:24:03,037 - hal.utils.local_runner - INFO - Starting task 418 (active tasks: 4)
2026-03-22 19:24:13,640 - hal.utils.local_runner - INFO - Completed task 416
2026-03-22 19:24:13,640 - hal.utils.local_runner - INFO - Starting task 419 (active tasks: 4)
2026-03-22 19:24:27,987 - hal.utils.local_runner - INFO - Completed task 415
2026-03-22 19:24:27,987 - hal.utils.local_runner - INFO - Starting task 420 (active tasks: 4)
2026-03-22 19:24:53,686 - hal.utils.local_runner - INFO - Completed task 418
2026-03-22 19:24:53,686 - hal.utils.local_runner - INFO - Starting task 421 (active tasks: 4)
2026-03-22 19:24:54,804 - hal.utils.local_runner - INFO - Completed task 417
2026-03-22 19:24:54,804 - hal.utils.local_runner - INFO - Starting task 422 (active tasks: 4)
2026-03-22 19:24:58,022 - hal.utils.local_runner - INFO - Completed task 419
2026-03-22 19:24:58,022 - hal.utils.local_runner - INFO - Starting task 423 (active tasks: 4)
2026-03-22 19:25:10,704 - hal.utils.local_runner - INFO - Completed task 420
2026-03-22 19:25:10,704 - hal.utils.local_runner - INFO - Starting task 424 (active tasks: 4)
2026-03-22 19:25:50,321 - hal.utils.local_runner - INFO - Completed task 421
2026-03-22 19:25:50,321 - hal.utils.local_runner - INFO - Starting task 425 (active tasks: 4)
2026-03-22 19:25:53,788 - hal.utils.local_runner - INFO - Completed task 422
2026-03-22 19:25:53,788 - hal.utils.local_runner - INFO - Starting task 426 (active tasks: 4)
2026-03-22 19:26:49,170 - hal.utils.local_runner - INFO - Completed task 426
2026-03-22 19:26:49,170 - hal.utils.local_runner - INFO - Starting task 427 (active tasks: 4)
2026-03-22 19:27:12,983 - hal.utils.local_runner - INFO - Completed task 425
2026-03-22 19:27:12,984 - hal.utils.local_runner - INFO - Starting task 428 (active tasks: 4)
2026-03-22 19:27:14,779 - hal.utils.local_runner - INFO - Completed task 424
2026-03-22 19:27:14,779 - hal.utils.local_runner - INFO - Starting task 429 (active tasks: 4)
2026-03-22 19:27:21,895 - hal.utils.local_runner - INFO - Completed task 427
2026-03-22 19:27:21,895 - hal.utils.local_runner - INFO - Starting task 430 (active tasks: 4)
2026-03-22 19:28:01,064 - hal.utils.local_runner - INFO - Completed task 428
2026-03-22 19:28:01,065 - hal.utils.local_runner - INFO - Starting task 431 (active tasks: 4)
2026-03-22 19:28:03,423 - hal.utils.local_runner - INFO - Completed task 429
2026-03-22 19:28:03,423 - hal.utils.local_runner - INFO - Starting task 432 (active tasks: 4)
2026-03-22 19:28:31,919 - hal.utils.local_runner - INFO - Completed task 430
2026-03-22 19:28:31,919 - hal.utils.local_runner - INFO - Starting task 433 (active tasks: 4)
2026-03-22 19:28:38,392 - hal.utils.local_runner - INFO - Completed task 431
2026-03-22 19:28:38,392 - hal.utils.local_runner - INFO - Starting task 434 (active tasks: 4)
2026-03-22 19:29:35,565 - hal.utils.local_runner - INFO - Completed task 432
2026-03-22 19:29:35,565 - hal.utils.local_runner - INFO - Starting task 435 (active tasks: 4)
2026-03-22 19:29:39,971 - hal.utils.local_runner - INFO - Completed task 423
2026-03-22 19:29:39,971 - hal.utils.local_runner - INFO - Starting task 436 (active tasks: 4)
2026-03-22 19:29:47,077 - hal.utils.local_runner - INFO - Completed task 433
2026-03-22 19:29:47,077 - hal.utils.local_runner - INFO - Starting task 437 (active tasks: 4)
2026-03-22 19:30:26,338 - hal.utils.local_runner - INFO - Completed task 435
2026-03-22 19:30:26,338 - hal.utils.local_runner - INFO - Starting task 438 (active tasks: 4)
2026-03-22 19:30:43,979 - hal.utils.local_runner - INFO - Completed task 434
2026-03-22 19:30:43,979 - hal.utils.local_runner - INFO - Starting task 439 (active tasks: 4)
2026-03-22 19:31:14,776 - hal.utils.local_runner - INFO - Completed task 437
2026-03-22 19:31:14,777 - hal.utils.local_runner - INFO - Starting task 440 (active tasks: 4)
2026-03-22 19:31:26,908 - hal.utils.local_runner - INFO - Completed task 438
2026-03-22 19:31:26,908 - hal.utils.local_runner - INFO - Starting task 441 (active tasks: 4)
2026-03-22 19:31:39,795 - hal.utils.local_runner - INFO - Completed task 439
2026-03-22 19:31:39,795 - hal.utils.local_runner - INFO - Starting task 442 (active tasks: 4)
2026-03-22 19:31:49,827 - hal.utils.local_runner - INFO - Completed task 436
2026-03-22 19:31:49,827 - hal.utils.local_runner - INFO - Starting task 443 (active tasks: 4)
2026-03-22 19:32:37,563 - hal.utils.local_runner - INFO - Completed task 441
2026-03-22 19:32:37,563 - hal.utils.local_runner - INFO - Starting task 444 (active tasks: 4)
2026-03-22 19:32:47,460 - hal.utils.local_runner - INFO - Completed task 442
2026-03-22 19:32:47,460 - hal.utils.local_runner - INFO - Starting task 445 (active tasks: 4)
2026-03-22 19:32:50,270 - hal.utils.local_runner - INFO - Completed task 440
2026-03-22 19:32:50,270 - hal.utils.local_runner - INFO - Starting task 446 (active tasks: 4)
2026-03-22 19:33:12,624 - hal.utils.local_runner - INFO - Completed task 443
2026-03-22 19:33:12,624 - hal.utils.local_runner - INFO - Starting task 447 (active tasks: 4)
2026-03-22 19:33:32,620 - hal.utils.local_runner - INFO - Completed task 444
2026-03-22 19:33:32,620 - hal.utils.local_runner - INFO - Starting task 448 (active tasks: 4)
2026-03-22 19:33:52,849 - hal.utils.local_runner - INFO - Completed task 445
2026-03-22 19:33:52,849 - hal.utils.local_runner - INFO - Starting task 449 (active tasks: 4)
2026-03-22 19:34:06,579 - hal.utils.local_runner - INFO - Completed task 446
2026-03-22 19:34:06,579 - hal.utils.local_runner - INFO - Starting task 450 (active tasks: 4)
2026-03-22 19:34:45,327 - hal.utils.local_runner - INFO - Completed task 449
2026-03-22 19:34:45,327 - hal.utils.local_runner - INFO - Starting task 451 (active tasks: 4)
2026-03-22 19:35:04,223 - hal.utils.local_runner - INFO - Completed task 448
2026-03-22 19:35:04,224 - hal.utils.local_runner - INFO - Starting task 452 (active tasks: 4)
2026-03-22 19:35:05,853 - hal.utils.local_runner - INFO - Completed task 450
2026-03-22 19:35:05,853 - hal.utils.local_runner - INFO - Starting task 453 (active tasks: 4)
2026-03-22 19:35:49,975 - hal.utils.local_runner - INFO - Completed task 451
2026-03-22 19:35:49,975 - hal.utils.local_runner - INFO - Starting task 454 (active tasks: 4)
2026-03-22 19:36:30,788 - hal.utils.local_runner - INFO - Completed task 452
2026-03-22 19:36:30,789 - hal.utils.local_runner - INFO - Starting task 455 (active tasks: 4)
2026-03-22 19:36:37,218 - hal.utils.local_runner - INFO - Completed task 447
2026-03-22 19:36:37,218 - hal.utils.local_runner - INFO - Starting task 456 (active tasks: 4)
2026-03-22 19:36:42,150 - hal.utils.local_runner - INFO - Completed task 454
2026-03-22 19:36:42,150 - hal.utils.local_runner - INFO - Starting task 457 (active tasks: 4)
2026-03-22 19:36:49,091 - hal.utils.local_runner - INFO - Completed task 453
2026-03-22 19:36:49,091 - hal.utils.local_runner - INFO - Starting task 458 (active tasks: 4)
2026-03-22 19:37:14,618 - hal.utils.local_runner - INFO - Completed task 456
2026-03-22 19:37:14,618 - hal.utils.local_runner - INFO - Starting task 459 (active tasks: 4)
2026-03-22 19:37:36,244 - hal.utils.local_runner - INFO - Completed task 458
2026-03-22 19:37:36,244 - hal.utils.local_runner - INFO - Starting task 460 (active tasks: 4)
2026-03-22 19:37:44,761 - hal.utils.local_runner - INFO - Completed task 457
2026-03-22 19:37:44,762 - hal.utils.local_runner - INFO - Starting task 461 (active tasks: 4)
2026-03-22 19:37:54,790 - hal.utils.local_runner - INFO - Completed task 459
2026-03-22 19:37:54,790 - hal.utils.local_runner - INFO - Starting task 462 (active tasks: 4)
2026-03-22 19:38:11,665 - hal.utils.local_runner - INFO - Completed task 455
2026-03-22 19:38:11,665 - hal.utils.local_runner - INFO - Starting task 463 (active tasks: 4)
2026-03-22 19:38:32,308 - hal.utils.local_runner - INFO - Completed task 460
2026-03-22 19:38:32,308 - hal.utils.local_runner - INFO - Starting task 464 (active tasks: 4)
2026-03-22 19:38:50,360 - hal.utils.local_runner - INFO - Completed task 461
2026-03-22 19:38:50,360 - hal.utils.local_runner - INFO - Starting task 465 (active tasks: 4)
2026-03-22 19:39:22,910 - hal.utils.local_runner - INFO - Completed task 463
2026-03-22 19:39:22,910 - hal.utils.local_runner - INFO - Starting task 466 (active tasks: 4)
2026-03-22 19:39:32,928 - hal.utils.local_runner - INFO - Completed task 462
2026-03-22 19:39:32,928 - hal.utils.local_runner - INFO - Starting task 467 (active tasks: 4)
2026-03-22 19:39:42,897 - hal.utils.local_runner - INFO - Completed task 464
2026-03-22 19:39:42,897 - hal.utils.local_runner - INFO - Starting task 468 (active tasks: 4)
2026-03-22 19:39:48,036 - hal.utils.local_runner - INFO - Completed task 465
2026-03-22 19:39:48,036 - hal.utils.local_runner - INFO - Starting task 469 (active tasks: 4)
2026-03-22 19:40:17,351 - hal.utils.local_runner - INFO - Completed task 466
2026-03-22 19:40:17,351 - hal.utils.local_runner - INFO - Starting task 470 (active tasks: 4)
2026-03-22 19:40:27,241 - hal.utils.local_runner - INFO - Completed task 467
2026-03-22 19:40:27,242 - hal.utils.local_runner - INFO - Starting task 471 (active tasks: 4)
2026-03-22 19:40:38,222 - hal.utils.local_runner - INFO - Completed task 469
2026-03-22 19:40:38,222 - hal.utils.local_runner - INFO - Starting task 472 (active tasks: 4)
2026-03-22 19:40:57,192 - hal.utils.local_runner - INFO - Completed task 468
2026-03-22 19:40:57,192 - hal.utils.local_runner - INFO - Starting task 473 (active tasks: 4)
2026-03-22 19:41:32,931 - hal.utils.local_runner - INFO - Completed task 471
2026-03-22 19:41:32,931 - hal.utils.local_runner - INFO - Starting task 474 (active tasks: 4)
2026-03-22 19:41:44,948 - hal.utils.local_runner - INFO - Completed task 472
2026-03-22 19:41:44,948 - hal.utils.local_runner - INFO - Starting task 475 (active tasks: 4)
2026-03-22 19:41:58,115 - hal.utils.local_runner - INFO - Completed task 473
2026-03-22 19:41:58,115 - hal.utils.local_runner - INFO - Starting task 476 (active tasks: 4)
2026-03-22 19:42:00,992 - hal.utils.local_runner - INFO - Completed task 470
2026-03-22 19:42:00,992 - hal.utils.local_runner - INFO - Starting task 477 (active tasks: 4)
2026-03-22 19:42:14,363 - hal.utils.local_runner - INFO - Completed task 474
2026-03-22 19:42:14,363 - hal.utils.local_runner - INFO - Starting task 478 (active tasks: 4)
2026-03-22 19:42:42,657 - hal.utils.local_runner - INFO - Completed task 476
2026-03-22 19:42:42,657 - hal.utils.local_runner - INFO - Starting task 479 (active tasks: 4)
2026-03-22 19:42:56,477 - hal.utils.local_runner - INFO - Completed task 477
2026-03-22 19:42:56,477 - hal.utils.local_runner - INFO - Starting task 480 (active tasks: 4)
2026-03-22 19:43:15,247 - hal.utils.local_runner - INFO - Completed task 479
2026-03-22 19:43:15,248 - hal.utils.local_runner - INFO - Starting task 481 (active tasks: 4)
2026-03-22 19:43:32,707 - hal.utils.local_runner - INFO - Completed task 478
2026-03-22 19:43:32,707 - hal.utils.local_runner - INFO - Starting task 482 (active tasks: 4)
2026-03-22 19:43:47,724 - hal.utils.local_runner - INFO - Completed task 475
2026-03-22 19:43:47,724 - hal.utils.local_runner - INFO - Starting task 483 (active tasks: 4)
2026-03-22 19:44:29,612 - hal.utils.local_runner - INFO - Completed task 483
2026-03-22 19:44:29,612 - hal.utils.local_runner - INFO - Starting task 484 (active tasks: 4)
2026-03-22 19:44:43,144 - hal.utils.local_runner - INFO - Completed task 480
2026-03-22 19:44:43,144 - hal.utils.local_runner - INFO - Starting task 485 (active tasks: 4)
2026-03-22 19:44:59,953 - hal.utils.local_runner - INFO - Completed task 481
2026-03-22 19:44:59,954 - hal.utils.local_runner - INFO - Starting task 486 (active tasks: 4)
2026-03-22 19:45:00,456 - hal.utils.local_runner - INFO - Completed task 484
2026-03-22 19:45:00,457 - hal.utils.local_runner - INFO - Starting task 487 (active tasks: 4)
2026-03-22 19:45:13,361 - hal.utils.local_runner - INFO - Completed task 482
2026-03-22 19:45:13,361 - hal.utils.local_runner - INFO - Starting task 488 (active tasks: 4)
2026-03-22 19:45:48,636 - hal.utils.local_runner - INFO - Completed task 485
2026-03-22 19:45:48,636 - hal.utils.local_runner - INFO - Starting task 489 (active tasks: 4)
2026-03-22 19:46:03,925 - hal.utils.local_runner - INFO - Completed task 487
2026-03-22 19:46:03,925 - hal.utils.local_runner - INFO - Starting task 490 (active tasks: 4)
2026-03-22 19:46:16,877 - hal.utils.local_runner - INFO - Completed task 486
2026-03-22 19:46:16,877 - hal.utils.local_runner - INFO - Starting task 491 (active tasks: 4)
2026-03-22 19:46:19,892 - hal.utils.local_runner - INFO - Completed task 488
2026-03-22 19:46:19,892 - hal.utils.local_runner - INFO - Starting task 492 (active tasks: 4)
2026-03-22 19:46:35,165 - hal.utils.local_runner - INFO - Completed task 490
2026-03-22 19:46:35,165 - hal.utils.local_runner - INFO - Starting task 493 (active tasks: 4)
2026-03-22 19:47:05,731 - hal.utils.local_runner - INFO - Completed task 491
2026-03-22 19:47:05,731 - hal.utils.local_runner - INFO - Starting task 494 (active tasks: 4)
2026-03-22 19:47:07,970 - hal.utils.local_runner - INFO - Completed task 493
2026-03-22 19:47:07,971 - hal.utils.local_runner - INFO - Starting task 495 (active tasks: 4)
2026-03-22 19:47:22,953 - hal.utils.local_runner - INFO - Completed task 492
2026-03-22 19:47:22,954 - hal.utils.local_runner - INFO - Starting task 496 (active tasks: 4)
2026-03-22 19:47:30,879 - hal.utils.local_runner - INFO - Completed task 489
2026-03-22 19:47:30,879 - hal.utils.local_runner - INFO - Starting task 497 (active tasks: 4)
2026-03-22 19:48:27,929 - hal.utils.local_runner - INFO - Completed task 494
2026-03-22 19:48:27,930 - hal.utils.local_runner - INFO - Starting task 498 (active tasks: 4)
2026-03-22 19:48:32,135 - hal.utils.local_runner - INFO - Completed task 497
2026-03-22 19:48:32,135 - hal.utils.local_runner - INFO - Starting task 499 (active tasks: 4)
2026-03-22 19:48:35,349 - hal.utils.local_runner - INFO - Completed task 495
2026-03-22 19:48:35,350 - hal.utils.local_runner - INFO - Starting task 500 (active tasks: 4)
2026-03-22 19:48:53,461 - hal.utils.local_runner - INFO - Completed task 496
2026-03-22 19:48:53,461 - hal.utils.local_runner - INFO - Starting task 501 (active tasks: 4)
2026-03-22 19:49:33,334 - hal.utils.local_runner - INFO - Completed task 499
2026-03-22 19:49:33,334 - hal.utils.local_runner - INFO - Starting task 502 (active tasks: 4)
2026-03-22 19:49:42,264 - hal.utils.local_runner - INFO - Completed task 500
2026-03-22 19:49:42,264 - hal.utils.local_runner - INFO - Starting task 503 (active tasks: 4)
2026-03-22 19:49:53,296 - hal.utils.local_runner - INFO - Completed task 501
2026-03-22 19:49:53,296 - hal.utils.local_runner - INFO - Starting task 504 (active tasks: 4)
2026-03-22 19:49:55,682 - hal.utils.local_runner - INFO - Completed task 498
2026-03-22 19:49:55,682 - hal.utils.local_runner - INFO - Starting task 505 (active tasks: 4)
2026-03-22 19:49:58,599 - hal.utils.local_runner - INFO - Completed task 502
2026-03-22 19:49:58,599 - hal.utils.local_runner - INFO - Starting task 506 (active tasks: 4)
2026-03-22 19:50:39,550 - hal.utils.local_runner - INFO - Completed task 503
2026-03-22 19:50:39,550 - hal.utils.local_runner - INFO - Starting task 507 (active tasks: 4)
2026-03-22 19:50:40,171 - hal.utils.local_runner - INFO - Completed task 505
2026-03-22 19:50:40,171 - hal.utils.local_runner - INFO - Starting task 508 (active tasks: 4)
2026-03-22 19:51:27,882 - hal.utils.local_runner - INFO - Completed task 506
2026-03-22 19:51:27,882 - hal.utils.local_runner - INFO - Starting task 509 (active tasks: 4)
2026-03-22 19:51:37,931 - hal.utils.local_runner - INFO - Completed task 504
2026-03-22 19:51:37,931 - hal.utils.local_runner - INFO - Starting task 510 (active tasks: 4)
2026-03-22 19:51:44,429 - hal.utils.local_runner - INFO - Completed task 508
2026-03-22 19:51:44,429 - hal.utils.local_runner - INFO - Starting task 511 (active tasks: 4)
2026-03-22 19:51:50,581 - hal.utils.local_runner - INFO - Completed task 507
2026-03-22 19:51:50,581 - hal.utils.local_runner - INFO - Starting task 512 (active tasks: 4)
2026-03-22 19:52:06,898 - hal.utils.local_runner - INFO - Completed task 509
2026-03-22 19:52:06,898 - hal.utils.local_runner - INFO - Starting task 513 (active tasks: 4)
2026-03-22 19:52:38,521 - hal.utils.local_runner - INFO - Completed task 511
2026-03-22 19:52:38,521 - hal.utils.local_runner - INFO - Starting task 514 (active tasks: 4)
2026-03-22 19:52:53,136 - hal.utils.local_runner - INFO - Completed task 512
2026-03-22 19:52:53,136 - hal.utils.local_runner - INFO - Starting task 515 (active tasks: 4)
2026-03-22 19:52:54,182 - hal.utils.local_runner - INFO - Completed task 513
2026-03-22 19:52:54,182 - hal.utils.local_runner - INFO - Starting task 516 (active tasks: 4)
2026-03-22 19:52:58,394 - hal.utils.local_runner - INFO - Completed task 510
2026-03-22 19:52:58,394 - hal.utils.local_runner - INFO - Starting task 517 (active tasks: 4)
2026-03-22 19:53:35,341 - hal.utils.local_runner - INFO - Completed task 515
2026-03-22 19:53:35,341 - hal.utils.local_runner - INFO - Starting task 518 (active tasks: 4)
2026-03-22 19:53:36,544 - hal.utils.local_runner - INFO - Completed task 514
2026-03-22 19:53:36,544 - hal.utils.local_runner - INFO - Starting task 519 (active tasks: 4)
2026-03-22 19:54:00,796 - hal.utils.local_runner - INFO - Completed task 516
2026-03-22 19:54:00,796 - hal.utils.local_runner - INFO - Starting task 520 (active tasks: 4)
2026-03-22 19:54:12,284 - hal.utils.local_runner - INFO - Completed task 517
2026-03-22 19:54:12,284 - hal.utils.local_runner - INFO - Starting task 521 (active tasks: 4)
2026-03-22 19:54:25,759 - hal.utils.local_runner - INFO - Completed task 519
2026-03-22 19:54:25,759 - hal.utils.local_runner - INFO - Starting task 522 (active tasks: 4)
2026-03-22 19:54:51,456 - hal.utils.local_runner - INFO - Completed task 518
2026-03-22 19:54:51,456 - hal.utils.local_runner - INFO - Starting task 523 (active tasks: 4)
2026-03-22 19:55:14,395 - hal.utils.local_runner - INFO - Completed task 520
2026-03-22 19:55:14,395 - hal.utils.local_runner - INFO - Starting task 524 (active tasks: 4)
2026-03-22 19:55:24,725 - hal.utils.local_runner - INFO - Completed task 523
2026-03-22 19:55:24,725 - hal.utils.local_runner - INFO - Starting task 525 (active tasks: 4)
2026-03-22 19:55:28,056 - hal.utils.local_runner - INFO - Completed task 522
2026-03-22 19:55:28,056 - hal.utils.local_runner - INFO - Starting task 526 (active tasks: 4)
2026-03-22 19:55:42,636 - hal.utils.local_runner - INFO - Completed task 524
2026-03-22 19:55:42,637 - hal.utils.local_runner - INFO - Starting task 527 (active tasks: 4)
2026-03-22 19:55:46,731 - hal.utils.local_runner - INFO - Completed task 521
2026-03-22 19:55:46,731 - hal.utils.local_runner - INFO - Starting task 528 (active tasks: 4)
2026-03-22 19:56:20,882 - hal.utils.local_runner - INFO - Completed task 526
2026-03-22 19:56:20,882 - hal.utils.local_runner - INFO - Starting task 529 (active tasks: 4)
2026-03-22 19:56:22,358 - hal.utils.local_runner - INFO - Completed task 525
2026-03-22 19:56:22,359 - hal.utils.local_runner - INFO - Starting task 530 (active tasks: 4)
2026-03-22 19:57:35,245 - hal.utils.local_runner - INFO - Completed task 527
2026-03-22 19:57:35,245 - hal.utils.local_runner - INFO - Starting task 531 (active tasks: 4)
2026-03-22 19:57:57,921 - hal.utils.local_runner - INFO - Completed task 530
2026-03-22 19:57:57,921 - hal.utils.local_runner - INFO - Starting task 532 (active tasks: 4)
2026-03-22 19:58:34,642 - hal.utils.local_runner - INFO - Completed task 532
2026-03-22 19:58:34,643 - hal.utils.local_runner - INFO - Starting task 533 (active tasks: 4)
2026-03-22 19:58:49,313 - hal.utils.local_runner - INFO - Completed task 531
2026-03-22 19:58:49,313 - hal.utils.local_runner - INFO - Starting task 534 (active tasks: 4)
2026-03-22 19:59:49,053 - hal.utils.local_runner - INFO - Completed task 534
2026-03-22 19:59:49,053 - hal.utils.local_runner - INFO - Starting task 535 (active tasks: 4)
2026-03-22 20:00:19,180 - hal.utils.local_runner - INFO - Completed task 533
2026-03-22 20:00:19,180 - hal.utils.local_runner - INFO - Starting task 536 (active tasks: 4)
2026-03-22 20:00:41,382 - hal.utils.local_runner - INFO - Completed task 535
2026-03-22 20:00:41,382 - hal.utils.local_runner - INFO - Starting task 537 (active tasks: 4)
2026-03-22 20:01:54,514 - hal.utils.local_runner - INFO - Completed task 537
2026-03-22 20:01:54,514 - hal.utils.local_runner - INFO - Starting task 538 (active tasks: 4)
2026-03-22 20:02:38,046 - hal.utils.local_runner - INFO - Completed task 538
2026-03-22 20:02:38,046 - hal.utils.local_runner - INFO - Starting task 539 (active tasks: 4)
2026-03-22 20:03:11,037 - hal.utils.local_runner - INFO - Completed task 536
2026-03-22 20:03:11,037 - hal.utils.local_runner - INFO - Starting task 540 (active tasks: 4)
2026-03-22 20:03:55,970 - hal.utils.local_runner - INFO - Completed task 539
2026-03-22 20:03:55,970 - hal.utils.local_runner - INFO - Starting task 541 (active tasks: 4)
2026-03-22 20:04:25,752 - hal.utils.local_runner - INFO - Completed task 529
2026-03-22 20:04:25,752 - hal.utils.local_runner - INFO - Starting task 542 (active tasks: 4)
2026-03-22 20:04:31,243 - hal.utils.local_runner - INFO - Completed task 540
2026-03-22 20:04:31,243 - hal.utils.local_runner - INFO - Starting task 543 (active tasks: 4)
2026-03-22 20:05:09,808 - hal.utils.local_runner - INFO - Completed task 542
2026-03-22 20:05:09,809 - hal.utils.local_runner - INFO - Starting task 544 (active tasks: 4)
2026-03-22 20:05:12,125 - hal.utils.local_runner - INFO - Completed task 543
2026-03-22 20:05:12,125 - hal.utils.local_runner - INFO - Starting task 545 (active tasks: 4)
2026-03-22 20:05:18,431 - hal.utils.local_runner - INFO - Completed task 541
2026-03-22 20:05:18,431 - hal.utils.local_runner - INFO - Starting task 546 (active tasks: 4)
2026-03-22 20:05:46,772 - hal.utils.local_runner - WARNING - Task 528 failed with transient error (attempt 1/3), retrying in 5.0s...
2026-03-22 20:06:07,589 - hal.utils.local_runner - INFO - Completed task 546
2026-03-22 20:06:07,589 - hal.utils.local_runner - INFO - Starting task 547 (active tasks: 4)
2026-03-22 20:06:27,821 - hal.utils.local_runner - INFO - Completed task 544
2026-03-22 20:06:27,821 - hal.utils.local_runner - INFO - Starting task 548 (active tasks: 4)
2026-03-22 20:06:44,739 - hal.utils.local_runner - INFO - Completed task 545
2026-03-22 20:06:44,739 - hal.utils.local_runner - INFO - Starting task 549 (active tasks: 4)
2026-03-22 20:07:05,621 - hal.utils.local_runner - INFO - Completed task 547
2026-03-22 20:07:05,621 - hal.utils.local_runner - INFO - Starting task 550 (active tasks: 4)
2026-03-22 20:07:38,885 - hal.utils.local_runner - INFO - Completed task 548
2026-03-22 20:07:38,885 - hal.utils.local_runner - INFO - Starting task 551 (active tasks: 4)
2026-03-22 20:08:16,093 - hal.utils.local_runner - INFO - Completed task 550
2026-03-22 20:08:16,094 - hal.utils.local_runner - INFO - Starting task 552 (active tasks: 4)
2026-03-22 20:08:53,374 - hal.utils.local_runner - INFO - Completed task 552
2026-03-22 20:08:53,375 - hal.utils.local_runner - INFO - Starting task 553 (active tasks: 4)
2026-03-22 20:09:06,587 - hal.utils.local_runner - INFO - Completed task 551
2026-03-22 20:09:06,587 - hal.utils.local_runner - INFO - Starting task 554 (active tasks: 4)
2026-03-22 20:09:22,596 - hal.utils.local_runner - INFO - Completed task 549
2026-03-22 20:09:22,596 - hal.utils.local_runner - INFO - Starting task 555 (active tasks: 4)
2026-03-22 20:09:47,519 - hal.utils.local_runner - INFO - Completed task 528
2026-03-22 20:09:47,519 - hal.utils.local_runner - INFO - Starting task 556 (active tasks: 4)
2026-03-22 20:09:53,433 - hal.utils.local_runner - INFO - Completed task 553
2026-03-22 20:09:53,433 - hal.utils.local_runner - INFO - Starting task 557 (active tasks: 4)
2026-03-22 20:10:22,723 - hal.utils.local_runner - INFO - Completed task 556
2026-03-22 20:10:22,723 - hal.utils.local_runner - INFO - Starting task 558 (active tasks: 4)
2026-03-22 20:10:53,835 - hal.utils.local_runner - INFO - Completed task 557
2026-03-22 20:10:53,835 - hal.utils.local_runner - INFO - Starting task 559 (active tasks: 4)
2026-03-22 20:11:18,844 - hal.utils.local_runner - INFO - Completed task 558
2026-03-22 20:11:18,844 - hal.utils.local_runner - INFO - Starting task 560 (active tasks: 4)
2026-03-22 20:11:39,822 - hal.utils.local_runner - INFO - Completed task 559
2026-03-22 20:11:39,822 - hal.utils.local_runner - INFO - Starting task 561 (active tasks: 4)
2026-03-22 20:12:37,450 - hal.utils.local_runner - INFO - Completed task 560
2026-03-22 20:12:37,450 - hal.utils.local_runner - INFO - Starting task 562 (active tasks: 4)
2026-03-22 20:12:38,139 - hal.utils.local_runner - INFO - Completed task 561
2026-03-22 20:12:38,139 - hal.utils.local_runner - INFO - Starting task 563 (active tasks: 4)
2026-03-22 20:13:11,947 - hal.utils.local_runner - INFO - Completed task 563
2026-03-22 20:13:11,947 - hal.utils.local_runner - INFO - Starting task 564 (active tasks: 4)
2026-03-22 20:13:28,944 - hal.utils.local_runner - INFO - Completed task 554
2026-03-22 20:13:28,944 - hal.utils.local_runner - INFO - Starting task 565 (active tasks: 4)
2026-03-22 20:13:29,937 - hal.utils.local_runner - INFO - Completed task 562
2026-03-22 20:13:29,937 - hal.utils.local_runner - INFO - Starting task 566 (active tasks: 4)
2026-03-22 20:14:05,365 - hal.utils.local_runner - INFO - Completed task 565
2026-03-22 20:14:05,365 - hal.utils.local_runner - INFO - Starting task 567 (active tasks: 4)
2026-03-22 20:14:12,973 - hal.utils.local_runner - INFO - Completed task 566
2026-03-22 20:14:12,973 - hal.utils.local_runner - INFO - Starting task 568 (active tasks: 4)
2026-03-22 20:14:34,608 - hal.utils.local_runner - INFO - Completed task 564
2026-03-22 20:14:34,608 - hal.utils.local_runner - INFO - Starting task 569 (active tasks: 4)
2026-03-22 20:15:01,664 - hal.utils.local_runner - INFO - Completed task 568
2026-03-22 20:15:01,665 - hal.utils.local_runner - INFO - Starting task 570 (active tasks: 4)
2026-03-22 20:15:04,054 - hal.utils.local_runner - INFO - Completed task 567
2026-03-22 20:15:04,054 - hal.utils.local_runner - INFO - Starting task 571 (active tasks: 4)
2026-03-22 20:15:29,005 - hal.utils.local_runner - INFO - Completed task 571
2026-03-22 20:15:29,005 - hal.utils.local_runner - INFO - Starting task 572 (active tasks: 4)
2026-03-22 20:15:32,679 - hal.utils.local_runner - INFO - Completed task 569
2026-03-22 20:15:32,679 - hal.utils.local_runner - INFO - Starting task 573 (active tasks: 4)
2026-03-22 20:15:55,657 - hal.utils.local_runner - INFO - Completed task 572
2026-03-22 20:15:55,657 - hal.utils.local_runner - INFO - Starting task 574 (active tasks: 4)
2026-03-22 20:16:29,092 - hal.utils.local_runner - INFO - Completed task 573
2026-03-22 20:16:29,092 - hal.utils.local_runner - INFO - Starting task 575 (active tasks: 4)
2026-03-22 20:16:31,607 - hal.utils.local_runner - INFO - Completed task 570
2026-03-22 20:16:31,607 - hal.utils.local_runner - INFO - Starting task 576 (active tasks: 4)
2026-03-22 20:17:14,098 - hal.utils.local_runner - INFO - Completed task 574
2026-03-22 20:17:14,098 - hal.utils.local_runner - INFO - Starting task 577 (active tasks: 4)
2026-03-22 20:17:15,480 - hal.utils.local_runner - INFO - Completed task 575
2026-03-22 20:17:15,484 - hal.utils.local_runner - INFO - Starting task 578 (active tasks: 4)
2026-03-22 20:17:43,595 - hal.utils.local_runner - INFO - Completed task 578
2026-03-22 20:17:43,595 - hal.utils.local_runner - INFO - Starting task 579 (active tasks: 4)
2026-03-22 20:18:01,584 - hal.utils.local_runner - INFO - Completed task 577
2026-03-22 20:18:01,584 - hal.utils.local_runner - INFO - Starting task 580 (active tasks: 4)
2026-03-22 20:18:32,068 - hal.utils.local_runner - INFO - Completed task 576
2026-03-22 20:18:32,068 - hal.utils.local_runner - INFO - Starting task 581 (active tasks: 4)
2026-03-22 20:19:04,511 - hal.utils.local_runner - INFO - Completed task 581
2026-03-22 20:19:04,511 - hal.utils.local_runner - INFO - Starting task 582 (active tasks: 4)
2026-03-22 20:19:15,790 - hal.utils.local_runner - INFO - Completed task 579
2026-03-22 20:19:15,790 - hal.utils.local_runner - INFO - Starting task 583 (active tasks: 4)
2026-03-22 20:19:22,645 - hal.utils.local_runner - WARNING - Task 555 failed with transient error (attempt 1/3), retrying in 5.0s...
2026-03-22 20:19:56,246 - hal.utils.local_runner - INFO - Completed task 582
2026-03-22 20:19:56,246 - hal.utils.local_runner - INFO - Starting task 584 (active tasks: 4)
2026-03-22 20:20:02,277 - hal.utils.local_runner - INFO - Completed task 580
2026-03-22 20:20:02,277 - hal.utils.local_runner - INFO - Starting task 585 (active tasks: 4)
2026-03-22 20:20:30,307 - hal.utils.local_runner - INFO - Completed task 583
2026-03-22 20:20:30,307 - hal.utils.local_runner - INFO - Starting task 586 (active tasks: 4)
2026-03-22 20:20:39,787 - hal.utils.local_runner - INFO - Completed task 584
2026-03-22 20:20:39,787 - hal.utils.local_runner - INFO - Starting task 587 (active tasks: 4)
2026-03-22 20:21:05,099 - hal.utils.local_runner - INFO - Completed task 585
2026-03-22 20:21:05,099 - hal.utils.local_runner - INFO - Starting task 588 (active tasks: 4)
2026-03-22 20:21:19,182 - hal.utils.local_runner - INFO - Completed task 586
2026-03-22 20:21:19,182 - hal.utils.local_runner - INFO - Starting task 589 (active tasks: 4)
2026-03-22 20:21:38,464 - hal.utils.local_runner - INFO - Completed task 588
2026-03-22 20:21:38,464 - hal.utils.local_runner - INFO - Starting task 590 (active tasks: 4)
2026-03-22 20:21:44,164 - hal.utils.local_runner - INFO - Completed task 587
2026-03-22 20:21:44,165 - hal.utils.local_runner - INFO - Starting task 591 (active tasks: 4)
2026-03-22 20:22:27,178 - hal.utils.local_runner - INFO - Completed task 590
2026-03-22 20:22:27,178 - hal.utils.local_runner - INFO - Starting task 592 (active tasks: 4)
2026-03-22 20:22:53,910 - hal.utils.local_runner - INFO - Completed task 589
2026-03-22 20:22:53,910 - hal.utils.local_runner - INFO - Starting task 593 (active tasks: 4)
2026-03-22 20:23:08,670 - hal.utils.local_runner - INFO - Completed task 591
2026-03-22 20:23:08,670 - hal.utils.local_runner - INFO - Starting task 594 (active tasks: 4)
2026-03-22 20:23:27,667 - hal.utils.local_runner - INFO - Completed task 592
2026-03-22 20:23:27,667 - hal.utils.local_runner - INFO - Starting task 595 (active tasks: 4)
2026-03-22 20:23:41,322 - hal.utils.local_runner - INFO - Completed task 555
2026-03-22 20:23:41,322 - hal.utils.local_runner - INFO - Starting task 596 (active tasks: 4)
2026-03-22 20:23:58,929 - hal.utils.local_runner - INFO - Completed task 593
2026-03-22 20:23:58,930 - hal.utils.local_runner - INFO - Starting task 597 (active tasks: 4)
2026-03-22 20:24:08,846 - hal.utils.local_runner - INFO - Completed task 594
2026-03-22 20:24:08,846 - hal.utils.local_runner - INFO - Starting task 598 (active tasks: 4)
2026-03-22 20:24:20,996 - hal.utils.local_runner - INFO - Completed task 596
2026-03-22 20:24:20,997 - hal.utils.local_runner - INFO - Starting task 599 (active tasks: 4)
2026-03-22 20:25:04,128 - hal.utils.local_runner - INFO - Completed task 597
2026-03-22 20:25:04,128 - hal.utils.local_runner - INFO - Starting task 600 (active tasks: 4)
2026-03-22 20:25:30,753 - hal.utils.local_runner - INFO - Completed task 595
2026-03-22 20:25:30,754 - hal.utils.local_runner - INFO - Starting task 601 (active tasks: 4)
2026-03-22 20:25:37,136 - hal.utils.local_runner - INFO - Completed task 598
2026-03-22 20:25:37,136 - hal.utils.local_runner - INFO - Starting task 602 (active tasks: 4)
2026-03-22 20:25:41,045 - hal.utils.local_runner - INFO - Completed task 600
2026-03-22 20:25:41,045 - hal.utils.local_runner - INFO - Starting task 603 (active tasks: 4)
2026-03-22 20:25:51,579 - hal.utils.local_runner - INFO - Completed task 599
2026-03-22 20:25:51,580 - hal.utils.local_runner - INFO - Starting task 604 (active tasks: 4)
2026-03-22 20:26:40,707 - hal.utils.local_runner - INFO - Completed task 604
2026-03-22 20:26:40,707 - hal.utils.local_runner - INFO - Starting task 605 (active tasks: 4)
2026-03-22 20:26:41,944 - hal.utils.local_runner - INFO - Completed task 603
2026-03-22 20:26:41,944 - hal.utils.local_runner - INFO - Starting task 606 (active tasks: 4)
2026-03-22 20:26:49,949 - hal.utils.local_runner - INFO - Completed task 602
2026-03-22 20:26:49,949 - hal.utils.local_runner - INFO - Starting task 607 (active tasks: 4)
2026-03-22 20:26:54,578 - hal.utils.local_runner - INFO - Completed task 601
2026-03-22 20:26:54,578 - hal.utils.local_runner - INFO - Starting task 608 (active tasks: 4)
2026-03-22 20:27:18,810 - hal.utils.local_runner - INFO - Completed task 606
2026-03-22 20:27:18,810 - hal.utils.local_runner - INFO - Starting task 609 (active tasks: 4)
2026-03-22 20:27:28,153 - hal.utils.local_runner - INFO - Completed task 607
2026-03-22 20:27:28,153 - hal.utils.local_runner - INFO - Starting task 610 (active tasks: 4)
2026-03-22 20:27:33,995 - hal.utils.local_runner - INFO - Completed task 605
2026-03-22 20:27:33,995 - hal.utils.local_runner - INFO - Starting task 611 (active tasks: 4)
2026-03-22 20:27:42,724 - hal.utils.local_runner - INFO - Completed task 608
2026-03-22 20:27:42,724 - hal.utils.local_runner - INFO - Starting task 612 (active tasks: 4)
2026-03-22 20:27:58,964 - hal.utils.local_runner - INFO - Completed task 609
2026-03-22 20:27:58,965 - hal.utils.local_runner - INFO - Starting task 613 (active tasks: 4)
2026-03-22 20:28:42,798 - hal.utils.local_runner - INFO - Completed task 613
2026-03-22 20:28:42,798 - hal.utils.local_runner - INFO - Starting task 614 (active tasks: 4)
2026-03-22 20:28:51,767 - hal.utils.local_runner - INFO - Completed task 612
2026-03-22 20:28:51,767 - hal.utils.local_runner - INFO - Starting task 615 (active tasks: 4)
2026-03-22 20:29:15,958 - hal.utils.local_runner - INFO - Completed task 611
2026-03-22 20:29:15,958 - hal.utils.local_runner - INFO - Starting task 616 (active tasks: 4)
2026-03-22 20:29:33,836 - hal.utils.local_runner - INFO - Completed task 614
2026-03-22 20:29:33,836 - hal.utils.local_runner - INFO - Starting task 617 (active tasks: 4)
2026-03-22 20:29:35,673 - hal.utils.local_runner - INFO - Completed task 615
2026-03-22 20:29:35,673 - hal.utils.local_runner - INFO - Starting task 618 (active tasks: 4)
2026-03-22 20:30:07,410 - hal.utils.local_runner - INFO - Completed task 617
2026-03-22 20:30:07,411 - hal.utils.local_runner - INFO - Starting task 619 (active tasks: 4)
2026-03-22 20:30:17,236 - hal.utils.local_runner - INFO - Completed task 616
2026-03-22 20:30:17,236 - hal.utils.local_runner - INFO - Starting task 620 (active tasks: 4)
2026-03-22 20:30:20,837 - hal.utils.local_runner - INFO - Completed task 618
2026-03-22 20:30:20,837 - hal.utils.local_runner - INFO - Starting task 621 (active tasks: 4)
2026-03-22 20:30:37,718 - hal.utils.local_runner - INFO - Completed task 610
2026-03-22 20:30:37,718 - hal.utils.local_runner - INFO - Starting task 622 (active tasks: 4)
2026-03-22 20:31:05,958 - hal.utils.local_runner - INFO - Completed task 619
2026-03-22 20:31:05,958 - hal.utils.local_runner - INFO - Starting task 623 (active tasks: 4)
2026-03-22 20:31:09,951 - hal.utils.local_runner - INFO - Completed task 621
2026-03-22 20:31:09,952 - hal.utils.local_runner - INFO - Starting task 624 (active tasks: 4)
2026-03-22 20:31:17,979 - hal.utils.local_runner - INFO - Completed task 622
2026-03-22 20:31:17,979 - hal.utils.local_runner - INFO - Starting task 625 (active tasks: 4)
2026-03-22 20:31:21,360 - hal.utils.local_runner - INFO - Completed task 620
2026-03-22 20:31:21,360 - hal.utils.local_runner - INFO - Starting task 626 (active tasks: 4)
2026-03-22 20:31:51,138 - hal.utils.local_runner - INFO - Completed task 623
2026-03-22 20:31:51,138 - hal.utils.local_runner - INFO - Starting task 627 (active tasks: 4)
2026-03-22 20:32:17,547 - hal.utils.local_runner - INFO - Completed task 625
2026-03-22 20:32:17,547 - hal.utils.local_runner - INFO - Starting task 628 (active tasks: 4)
2026-03-22 20:33:00,903 - hal.utils.local_runner - INFO - Completed task 624
2026-03-22 20:33:00,903 - hal.utils.local_runner - INFO - Starting task 629 (active tasks: 4)
2026-03-22 20:33:23,970 - hal.utils.local_runner - INFO - Completed task 627
2026-03-22 20:33:23,970 - hal.utils.local_runner - INFO - Starting task 630 (active tasks: 4)
2026-03-22 20:33:28,794 - hal.utils.local_runner - INFO - Completed task 628
2026-03-22 20:33:28,794 - hal.utils.local_runner - INFO - Starting task 631 (active tasks: 4)
2026-03-22 20:33:53,838 - hal.utils.local_runner - INFO - Completed task 629
2026-03-22 20:33:53,838 - hal.utils.local_runner - INFO - Starting task 632 (active tasks: 4)
2026-03-22 20:34:07,698 - hal.utils.local_runner - INFO - Completed task 626
2026-03-22 20:34:07,698 - hal.utils.local_runner - INFO - Starting task 633 (active tasks: 4)
2026-03-22 20:34:23,417 - hal.utils.local_runner - INFO - Completed task 630
2026-03-22 20:34:23,417 - hal.utils.local_runner - INFO - Starting task 634 (active tasks: 4)
2026-03-22 20:34:41,426 - hal.utils.local_runner - INFO - Completed task 631
2026-03-22 20:34:41,426 - hal.utils.local_runner - INFO - Starting task 635 (active tasks: 4)
2026-03-22 20:34:43,040 - hal.utils.local_runner - INFO - Completed task 632
2026-03-22 20:34:43,040 - hal.utils.local_runner - INFO - Starting task 636 (active tasks: 4)
2026-03-22 20:35:21,882 - hal.utils.local_runner - INFO - Completed task 636
2026-03-22 20:35:21,883 - hal.utils.local_runner - INFO - Starting task 637 (active tasks: 4)
2026-03-22 20:35:30,403 - hal.utils.local_runner - INFO - Completed task 635
2026-03-22 20:35:30,403 - hal.utils.local_runner - INFO - Starting task 638 (active tasks: 4)
2026-03-22 20:35:38,706 - hal.utils.local_runner - INFO - Completed task 634
2026-03-22 20:35:38,706 - hal.utils.local_runner - INFO - Starting task 639 (active tasks: 4)
2026-03-22 20:35:47,606 - hal.utils.local_runner - INFO - Completed task 633
2026-03-22 20:35:47,606 - hal.utils.local_runner - INFO - Starting task 640 (active tasks: 4)
2026-03-22 20:36:07,942 - hal.utils.local_runner - INFO - Completed task 637
2026-03-22 20:36:07,942 - hal.utils.local_runner - INFO - Starting task 641 (active tasks: 4)
2026-03-22 20:36:35,104 - hal.utils.local_runner - INFO - Completed task 640
2026-03-22 20:36:35,104 - hal.utils.local_runner - INFO - Starting task 642 (active tasks: 4)
2026-03-22 20:36:57,538 - hal.utils.local_runner - INFO - Completed task 638
2026-03-22 20:36:57,538 - hal.utils.local_runner - INFO - Starting task 643 (active tasks: 4)
2026-03-22 20:37:05,446 - hal.utils.local_runner - INFO - Completed task 639
2026-03-22 20:37:05,446 - hal.utils.local_runner - INFO - Starting task 644 (active tasks: 4)
2026-03-22 20:37:12,890 - hal.utils.local_runner - INFO - Completed task 641
2026-03-22 20:37:12,891 - hal.utils.local_runner - INFO - Starting task 645 (active tasks: 4)
2026-03-22 20:37:44,994 - hal.utils.local_runner - INFO - Completed task 642
2026-03-22 20:37:44,994 - hal.utils.local_runner - INFO - Starting task 646 (active tasks: 4)
2026-03-22 20:37:52,995 - hal.utils.local_runner - INFO - Completed task 645
2026-03-22 20:37:52,995 - hal.utils.local_runner - INFO - Starting task 647 (active tasks: 4)
2026-03-22 20:37:54,727 - hal.utils.local_runner - INFO - Completed task 644
2026-03-22 20:37:54,727 - hal.utils.local_runner - INFO - Starting task 648 (active tasks: 4)
2026-03-22 20:38:22,463 - hal.utils.local_runner - INFO - Completed task 643
2026-03-22 20:38:22,463 - hal.utils.local_runner - INFO - Starting task 649 (active tasks: 4)
2026-03-22 20:38:53,308 - hal.utils.local_runner - INFO - Completed task 648
2026-03-22 20:38:53,309 - hal.utils.local_runner - INFO - Starting task 650 (active tasks: 4)
2026-03-22 20:39:12,235 - hal.utils.local_runner - INFO - Completed task 647
2026-03-22 20:39:12,236 - hal.utils.local_runner - INFO - Starting task 651 (active tasks: 4)
2026-03-22 20:39:19,045 - hal.utils.local_runner - INFO - Completed task 649
2026-03-22 20:39:19,045 - hal.utils.local_runner - INFO - Starting task 652 (active tasks: 4)
2026-03-22 20:39:23,571 - hal.utils.local_runner - INFO - Completed task 646
2026-03-22 20:39:23,571 - hal.utils.local_runner - INFO - Starting task 653 (active tasks: 4)
2026-03-22 20:39:52,109 - hal.utils.local_runner - INFO - Completed task 652
2026-03-22 20:39:52,109 - hal.utils.local_runner - INFO - Starting task 654 (active tasks: 4)
2026-03-22 20:40:06,748 - hal.utils.local_runner - INFO - Completed task 653
2026-03-22 20:40:06,748 - hal.utils.local_runner - INFO - Starting task 655 (active tasks: 4)
2026-03-22 20:40:11,513 - hal.utils.local_runner - INFO - Completed task 650
2026-03-22 20:40:11,513 - hal.utils.local_runner - INFO - Starting task 656 (active tasks: 4)
2026-03-22 20:40:13,613 - hal.utils.local_runner - INFO - Completed task 651
2026-03-22 20:40:13,613 - hal.utils.local_runner - INFO - Starting task 657 (active tasks: 4)
2026-03-22 20:40:33,849 - hal.utils.local_runner - INFO - Completed task 654
2026-03-22 20:40:33,849 - hal.utils.local_runner - INFO - Starting task 658 (active tasks: 4)
2026-03-22 20:40:45,133 - hal.utils.local_runner - INFO - Completed task 657
2026-03-22 20:40:45,133 - hal.utils.local_runner - INFO - Starting task 659 (active tasks: 4)
2026-03-22 20:40:59,159 - hal.utils.local_runner - INFO - Completed task 656
2026-03-22 20:40:59,159 - hal.utils.local_runner - INFO - Starting task 660 (active tasks: 4)
2026-03-22 20:41:15,814 - hal.utils.local_runner - INFO - Completed task 655
2026-03-22 20:41:15,814 - hal.utils.local_runner - INFO - Starting task 661 (active tasks: 4)
2026-03-22 20:41:26,918 - hal.utils.local_runner - INFO - Completed task 660
2026-03-22 20:41:26,918 - hal.utils.local_runner - INFO - Starting task 662 (active tasks: 4)
2026-03-22 20:41:30,832 - hal.utils.local_runner - INFO - Completed task 659
2026-03-22 20:41:30,832 - hal.utils.local_runner - INFO - Starting task 663 (active tasks: 4)
2026-03-22 20:41:44,976 - hal.utils.local_runner - INFO - Completed task 658
2026-03-22 20:41:44,976 - hal.utils.local_runner - INFO - Starting task 664 (active tasks: 4)
2026-03-22 20:42:01,764 - hal.utils.local_runner - INFO - Completed task 661
2026-03-22 20:42:01,765 - hal.utils.local_runner - INFO - Starting task 665 (active tasks: 4)
2026-03-22 20:42:13,255 - hal.utils.local_runner - INFO - Completed task 663
2026-03-22 20:42:13,255 - hal.utils.local_runner - INFO - Starting task 666 (active tasks: 4)
2026-03-22 20:42:21,392 - hal.utils.local_runner - INFO - Completed task 664
2026-03-22 20:42:21,392 - hal.utils.local_runner - INFO - Starting task 667 (active tasks: 4)
2026-03-22 20:42:43,823 - hal.utils.local_runner - INFO - Completed task 665
2026-03-22 20:42:43,823 - hal.utils.local_runner - INFO - Starting task 668 (active tasks: 4)
2026-03-22 20:42:44,908 - hal.utils.local_runner - INFO - Completed task 662
2026-03-22 20:42:44,908 - hal.utils.local_runner - INFO - Starting task 669 (active tasks: 4)
2026-03-22 20:43:13,769 - hal.utils.local_runner - INFO - Completed task 667
2026-03-22 20:43:13,769 - hal.utils.local_runner - INFO - Starting task 670 (active tasks: 4)
2026-03-22 20:43:18,877 - hal.utils.local_runner - INFO - Completed task 666
2026-03-22 20:43:18,877 - hal.utils.local_runner - INFO - Starting task 671 (active tasks: 4)
2026-03-22 20:43:36,619 - hal.utils.local_runner - INFO - Completed task 668
2026-03-22 20:43:36,619 - hal.utils.local_runner - INFO - Starting task 672 (active tasks: 4)
2026-03-22 20:44:13,321 - hal.utils.local_runner - INFO - Completed task 669
2026-03-22 20:44:13,321 - hal.utils.local_runner - INFO - Starting task 673 (active tasks: 4)
2026-03-22 20:44:15,248 - hal.utils.local_runner - INFO - Completed task 672
2026-03-22 20:44:15,248 - hal.utils.local_runner - INFO - Starting task 674 (active tasks: 4)
2026-03-22 20:44:19,159 - hal.utils.local_runner - INFO - Completed task 670
2026-03-22 20:44:19,159 - hal.utils.local_runner - INFO - Starting task 675 (active tasks: 4)
2026-03-22 20:44:20,922 - hal.utils.local_runner - INFO - Completed task 671
2026-03-22 20:44:20,922 - hal.utils.local_runner - INFO - Starting task 676 (active tasks: 4)
2026-03-22 20:45:16,611 - hal.utils.local_runner - INFO - Completed task 675
2026-03-22 20:45:16,611 - hal.utils.local_runner - INFO - Starting task 677 (active tasks: 4)
2026-03-22 20:45:19,007 - hal.utils.local_runner - INFO - Completed task 676
2026-03-22 20:45:19,007 - hal.utils.local_runner - INFO - Starting task 678 (active tasks: 4)
2026-03-22 20:45:24,145 - hal.utils.local_runner - INFO - Completed task 673
2026-03-22 20:45:24,145 - hal.utils.local_runner - INFO - Starting task 679 (active tasks: 4)
2026-03-22 20:45:31,918 - hal.utils.local_runner - INFO - Completed task 674
2026-03-22 20:45:31,918 - hal.utils.local_runner - INFO - Starting task 680 (active tasks: 4)
2026-03-22 20:45:57,865 - hal.utils.local_runner - INFO - Completed task 677
2026-03-22 20:45:57,865 - hal.utils.local_runner - INFO - Starting task 681 (active tasks: 4)
2026-03-22 20:46:24,772 - hal.utils.local_runner - INFO - Completed task 678
2026-03-22 20:46:24,772 - hal.utils.local_runner - INFO - Starting task 682 (active tasks: 4)
2026-03-22 20:46:31,426 - hal.utils.local_runner - INFO - Completed task 679
2026-03-22 20:46:31,427 - hal.utils.local_runner - INFO - Starting task 683 (active tasks: 4)
2026-03-22 20:46:50,151 - hal.utils.local_runner - INFO - Completed task 680
2026-03-22 20:46:50,151 - hal.utils.local_runner - INFO - Starting task 684 (active tasks: 4)
2026-03-22 20:47:23,058 - hal.utils.local_runner - INFO - Completed task 683
2026-03-22 20:47:23,059 - hal.utils.local_runner - INFO - Starting task 685 (active tasks: 4)
2026-03-22 20:47:37,135 - hal.utils.local_runner - INFO - Completed task 682
2026-03-22 20:47:37,135 - hal.utils.local_runner - INFO - Starting task 686 (active tasks: 4)
2026-03-22 20:48:28,672 - hal.utils.local_runner - INFO - Completed task 684
2026-03-22 20:48:28,673 - hal.utils.local_runner - INFO - Starting task 687 (active tasks: 4)
2026-03-22 20:48:30,164 - hal.utils.local_runner - INFO - Completed task 685
2026-03-22 20:48:30,165 - hal.utils.local_runner - INFO - Starting task 688 (active tasks: 4)
2026-03-22 20:48:35,649 - hal.utils.local_runner - INFO - Completed task 686
2026-03-22 20:48:35,649 - hal.utils.local_runner - INFO - Starting task 689 (active tasks: 4)
2026-03-22 20:48:42,301 - hal.utils.local_runner - INFO - Completed task 681
2026-03-22 20:48:42,301 - hal.utils.local_runner - INFO - Starting task 690 (active tasks: 4)
2026-03-22 20:49:21,716 - hal.utils.local_runner - INFO - Completed task 688
2026-03-22 20:49:21,716 - hal.utils.local_runner - INFO - Starting task 691 (active tasks: 4)
2026-03-22 20:49:24,103 - hal.utils.local_runner - INFO - Completed task 690
2026-03-22 20:49:24,103 - hal.utils.local_runner - INFO - Starting task 692 (active tasks: 4)
2026-03-22 20:49:29,915 - hal.utils.local_runner - INFO - Completed task 689
2026-03-22 20:49:29,915 - hal.utils.local_runner - INFO - Starting task 693 (active tasks: 4)
2026-03-22 20:49:51,539 - hal.utils.local_runner - INFO - Completed task 691
2026-03-22 20:49:51,539 - hal.utils.local_runner - INFO - Starting task 694 (active tasks: 4)
2026-03-22 20:50:07,052 - hal.utils.local_runner - INFO - Completed task 692
2026-03-22 20:50:07,052 - hal.utils.local_runner - INFO - Starting task 695 (active tasks: 4)
2026-03-22 20:50:20,844 - hal.utils.local_runner - INFO - Completed task 693
2026-03-22 20:50:20,844 - hal.utils.local_runner - INFO - Starting task 696 (active tasks: 4)
2026-03-22 20:50:23,633 - hal.utils.local_runner - INFO - Completed task 694
2026-03-22 20:50:23,633 - hal.utils.local_runner - INFO - Starting task 697 (active tasks: 4)
2026-03-22 20:51:16,044 - hal.utils.local_runner - INFO - Completed task 697
2026-03-22 20:51:16,044 - hal.utils.local_runner - INFO - Starting task 698 (active tasks: 4)
2026-03-22 20:51:31,378 - hal.utils.local_runner - INFO - Completed task 695
2026-03-22 20:51:31,378 - hal.utils.local_runner - INFO - Starting task 699 (active tasks: 4)
2026-03-22 20:51:49,998 - hal.utils.local_runner - INFO - Completed task 696
2026-03-22 20:51:49,999 - hal.utils.local_runner - INFO - Starting task 700 (active tasks: 4)
2026-03-22 20:51:54,963 - hal.utils.local_runner - INFO - Completed task 698
2026-03-22 20:51:54,964 - hal.utils.local_runner - INFO - Starting task 701 (active tasks: 4)
2026-03-22 20:52:09,276 - hal.utils.local_runner - INFO - Completed task 699
2026-03-22 20:52:09,276 - hal.utils.local_runner - INFO - Starting task 702 (active tasks: 4)
2026-03-22 20:52:28,330 - hal.utils.local_runner - INFO - Completed task 700
2026-03-22 20:52:28,331 - hal.utils.local_runner - INFO - Starting task 703 (active tasks: 4)
2026-03-22 20:53:04,675 - hal.utils.local_runner - INFO - Completed task 701
2026-03-22 20:53:04,675 - hal.utils.local_runner - INFO - Starting task 704 (active tasks: 4)
2026-03-22 20:53:08,964 - hal.utils.local_runner - INFO - Completed task 703
2026-03-22 20:53:08,965 - hal.utils.local_runner - INFO - Starting task 705 (active tasks: 4)
2026-03-22 20:53:30,116 - hal.utils.local_runner - INFO - Completed task 702
2026-03-22 20:53:30,116 - hal.utils.local_runner - INFO - Starting task 706 (active tasks: 4)
2026-03-22 20:53:50,818 - hal.utils.local_runner - INFO - Completed task 687
2026-03-22 20:53:50,818 - hal.utils.local_runner - INFO - Starting task 707 (active tasks: 4)
2026-03-22 20:54:04,697 - hal.utils.local_runner - INFO - Completed task 704
2026-03-22 20:54:04,697 - hal.utils.local_runner - INFO - Starting task 708 (active tasks: 4)
2026-03-22 20:54:16,128 - hal.utils.local_runner - INFO - Completed task 705
2026-03-22 20:54:16,129 - hal.utils.local_runner - INFO - Starting task 709 (active tasks: 4)
2026-03-22 20:54:33,698 - hal.utils.local_runner - INFO - Completed task 706
2026-03-22 20:54:33,698 - hal.utils.local_runner - INFO - Starting task 710 (active tasks: 4)
2026-03-22 20:54:48,155 - hal.utils.local_runner - INFO - Completed task 707
2026-03-22 20:54:48,155 - hal.utils.local_runner - INFO - Starting task 711 (active tasks: 4)
2026-03-22 20:54:54,126 - hal.utils.local_runner - INFO - Completed task 709
2026-03-22 20:54:54,126 - hal.utils.local_runner - INFO - Starting task 712 (active tasks: 4)
2026-03-22 20:55:21,713 - hal.utils.local_runner - INFO - Completed task 708
2026-03-22 20:55:21,713 - hal.utils.local_runner - INFO - Starting task 713 (active tasks: 4)
2026-03-22 20:55:30,840 - hal.utils.local_runner - INFO - Completed task 711
2026-03-22 20:55:30,840 - hal.utils.local_runner - INFO - Starting task 714 (active tasks: 4)
2026-03-22 20:55:31,003 - hal.utils.local_runner - INFO - Completed task 710
2026-03-22 20:55:31,003 - hal.utils.local_runner - INFO - Starting task 715 (active tasks: 4)
2026-03-22 20:55:37,851 - hal.utils.local_runner - INFO - Completed task 712
2026-03-22 20:55:37,851 - hal.utils.local_runner - INFO - Starting task 716 (active tasks: 4)
2026-03-22 20:56:11,540 - hal.utils.local_runner - INFO - Completed task 713
2026-03-22 20:56:11,542 - hal.utils.local_runner - INFO - Starting task 717 (active tasks: 4)
2026-03-22 20:56:30,154 - hal.utils.local_runner - INFO - Completed task 715
2026-03-22 20:56:30,155 - hal.utils.local_runner - INFO - Starting task 718 (active tasks: 4)
2026-03-22 20:57:02,166 - hal.utils.local_runner - INFO - Completed task 716
2026-03-22 20:57:02,166 - hal.utils.local_runner - INFO - Starting task 719 (active tasks: 4)
2026-03-22 20:57:09,134 - hal.utils.local_runner - INFO - Completed task 718
2026-03-22 20:57:09,134 - hal.utils.local_runner - INFO - Starting task 720 (active tasks: 4)
2026-03-22 20:57:12,170 - hal.utils.local_runner - INFO - Completed task 714
2026-03-22 20:57:12,170 - hal.utils.local_runner - INFO - Starting task 721 (active tasks: 4)
2026-03-22 20:57:38,855 - hal.utils.local_runner - INFO - Completed task 717
2026-03-22 20:57:38,855 - hal.utils.local_runner - INFO - Starting task 722 (active tasks: 4)
2026-03-22 20:58:09,261 - hal.utils.local_runner - INFO - Completed task 719
2026-03-22 20:58:09,261 - hal.utils.local_runner - INFO - Starting task 723 (active tasks: 4)
2026-03-22 20:58:23,779 - hal.utils.local_runner - INFO - Completed task 722
2026-03-22 20:58:23,780 - hal.utils.local_runner - INFO - Starting task 724 (active tasks: 4)
2026-03-22 20:58:41,513 - hal.utils.local_runner - INFO - Completed task 721
2026-03-22 20:58:41,513 - hal.utils.local_runner - INFO - Starting task 725 (active tasks: 4)
2026-03-22 20:58:47,867 - hal.utils.local_runner - INFO - Completed task 720
2026-03-22 20:58:47,868 - hal.utils.local_runner - INFO - Starting task 726 (active tasks: 4)
2026-03-22 20:58:50,194 - hal.utils.local_runner - INFO - Completed task 723
2026-03-22 20:58:50,194 - hal.utils.local_runner - INFO - Starting task 727 (active tasks: 4)
2026-03-22 20:59:19,021 - hal.utils.local_runner - INFO - Completed task 724
2026-03-22 20:59:19,022 - hal.utils.local_runner - INFO - Starting task 728 (active tasks: 4)
2026-03-22 20:59:25,035 - hal.utils.local_runner - INFO - Completed task 726
2026-03-22 20:59:25,035 - hal.utils.local_runner - INFO - Starting task 729 (active tasks: 4)
2026-03-22 20:59:44,514 - hal.utils.local_runner - INFO - Completed task 727
2026-03-22 20:59:44,514 - hal.utils.local_runner - INFO - Starting task 730 (active tasks: 4)
2026-03-22 21:00:07,807 - hal.utils.local_runner - INFO - Completed task 729
2026-03-22 21:00:07,807 - hal.utils.local_runner - INFO - Starting task 731 (active tasks: 4)
2026-03-22 21:00:16,916 - hal.utils.local_runner - INFO - Completed task 725
2026-03-22 21:00:16,916 - hal.utils.local_runner - INFO - Starting task 732 (active tasks: 4)
2026-03-22 21:00:28,282 - hal.utils.local_runner - INFO - Completed task 730
2026-03-22 21:00:28,282 - hal.utils.local_runner - INFO - Starting task 733 (active tasks: 4)
2026-03-22 21:00:52,550 - hal.utils.local_runner - INFO - Completed task 728
2026-03-22 21:00:52,550 - hal.utils.local_runner - INFO - Starting task 734 (active tasks: 4)
2026-03-22 21:00:53,351 - hal.utils.local_runner - INFO - Completed task 732
2026-03-22 21:00:53,351 - hal.utils.local_runner - INFO - Starting task 735 (active tasks: 4)
2026-03-22 21:01:04,305 - hal.utils.local_runner - INFO - Completed task 731
2026-03-22 21:01:04,305 - hal.utils.local_runner - INFO - Starting task 736 (active tasks: 4)
2026-03-22 21:01:17,464 - hal.utils.local_runner - INFO - Completed task 733
2026-03-22 21:01:17,464 - hal.utils.local_runner - INFO - Starting task 737 (active tasks: 4)
2026-03-22 21:01:37,694 - hal.utils.local_runner - INFO - Completed task 736
2026-03-22 21:01:37,694 - hal.utils.local_runner - INFO - Starting task 738 (active tasks: 4)
2026-03-22 21:01:40,640 - hal.utils.local_runner - INFO - Completed task 734
2026-03-22 21:01:40,640 - hal.utils.local_runner - INFO - Starting task 739 (active tasks: 4)
2026-03-22 21:02:05,971 - hal.utils.local_runner - INFO - Completed task 737
2026-03-22 21:02:05,972 - hal.utils.local_runner - INFO - Starting task 740 (active tasks: 4)
2026-03-22 21:02:22,317 - hal.utils.local_runner - INFO - Completed task 735
2026-03-22 21:02:22,317 - hal.utils.local_runner - INFO - Starting task 741 (active tasks: 4)
2026-03-22 21:03:14,330 - hal.utils.local_runner - INFO - Completed task 741
2026-03-22 21:03:14,331 - hal.utils.local_runner - INFO - Starting task 742 (active tasks: 4)
2026-03-22 21:03:27,828 - hal.utils.local_runner - INFO - Completed task 739
2026-03-22 21:03:27,828 - hal.utils.local_runner - INFO - Starting task 743 (active tasks: 4)
2026-03-22 21:03:49,007 - hal.utils.local_runner - INFO - Completed task 740
2026-03-22 21:03:49,007 - hal.utils.local_runner - INFO - Starting task 744 (active tasks: 4)
2026-03-22 21:04:29,764 - hal.utils.local_runner - INFO - Completed task 743
2026-03-22 21:04:29,764 - hal.utils.local_runner - INFO - Starting task 745 (active tasks: 4)
2026-03-22 21:04:41,969 - hal.utils.local_runner - INFO - Completed task 742
2026-03-22 21:04:41,970 - hal.utils.local_runner - INFO - Starting task 746 (active tasks: 4)
2026-03-22 21:04:44,682 - hal.utils.local_runner - INFO - Completed task 744
2026-03-22 21:04:44,682 - hal.utils.local_runner - INFO - Starting task 747 (active tasks: 4)
2026-03-22 21:04:58,407 - hal.utils.local_runner - INFO - Completed task 745
2026-03-22 21:04:58,408 - hal.utils.local_runner - INFO - Starting task 748 (active tasks: 4)
2026-03-22 21:05:26,700 - hal.utils.local_runner - INFO - Completed task 746
2026-03-22 21:05:26,700 - hal.utils.local_runner - INFO - Starting task 749 (active tasks: 4)
2026-03-22 21:05:39,820 - hal.utils.local_runner - INFO - Completed task 748
2026-03-22 21:05:39,820 - hal.utils.local_runner - INFO - Starting task 750 (active tasks: 4)
2026-03-22 21:05:46,675 - hal.utils.local_runner - INFO - Completed task 747
2026-03-22 21:05:46,675 - hal.utils.local_runner - INFO - Starting task 751 (active tasks: 4)
2026-03-22 21:06:04,990 - hal.utils.local_runner - INFO - Completed task 749
2026-03-22 21:06:04,991 - hal.utils.local_runner - INFO - Starting task 752 (active tasks: 4)
2026-03-22 21:06:31,147 - hal.utils.local_runner - INFO - Completed task 750
2026-03-22 21:06:31,147 - hal.utils.local_runner - INFO - Starting task 753 (active tasks: 4)
2026-03-22 21:06:48,041 - hal.utils.local_runner - INFO - Completed task 752
2026-03-22 21:06:48,041 - hal.utils.local_runner - INFO - Starting task 754 (active tasks: 4)
2026-03-22 21:07:29,799 - hal.utils.local_runner - INFO - Completed task 751
2026-03-22 21:07:29,799 - hal.utils.local_runner - INFO - Starting task 755 (active tasks: 4)
2026-03-22 21:07:39,922 - hal.utils.local_runner - INFO - Completed task 753
2026-03-22 21:07:39,923 - hal.utils.local_runner - INFO - Starting task 756 (active tasks: 4)
2026-03-22 21:07:40,951 - hal.utils.local_runner - INFO - Completed task 754
2026-03-22 21:07:40,951 - hal.utils.local_runner - INFO - Starting task 757 (active tasks: 4)
2026-03-22 21:07:51,196 - hal.utils.local_runner - INFO - Completed task 738
2026-03-22 21:07:51,196 - hal.utils.local_runner - INFO - Starting task 758 (active tasks: 4)
2026-03-22 21:08:18,955 - hal.utils.local_runner - INFO - Completed task 755
2026-03-22 21:08:18,956 - hal.utils.local_runner - INFO - Starting task 759 (active tasks: 4)
2026-03-22 21:08:45,829 - hal.utils.local_runner - INFO - Completed task 756
2026-03-22 21:08:45,829 - hal.utils.local_runner - INFO - Starting task 760 (active tasks: 4)
2026-03-22 21:08:54,527 - hal.utils.local_runner - INFO - Completed task 758
2026-03-22 21:08:54,527 - hal.utils.local_runner - INFO - Starting task 761 (active tasks: 4)
2026-03-22 21:08:56,616 - hal.utils.local_runner - INFO - Completed task 759
2026-03-22 21:08:56,616 - hal.utils.local_runner - INFO - Starting task 762 (active tasks: 4)
2026-03-22 21:09:18,606 - hal.utils.local_runner - INFO - Completed task 757
2026-03-22 21:09:18,606 - hal.utils.local_runner - INFO - Starting task 763 (active tasks: 4)
2026-03-22 21:09:41,963 - hal.utils.local_runner - INFO - Completed task 760
2026-03-22 21:09:41,963 - hal.utils.local_runner - INFO - Starting task 764 (active tasks: 4)
2026-03-22 21:09:44,025 - hal.utils.local_runner - INFO - Completed task 761
2026-03-22 21:09:44,025 - hal.utils.local_runner - INFO - Starting task 765 (active tasks: 4)
2026-03-22 21:09:56,323 - hal.utils.local_runner - INFO - Completed task 762
2026-03-22 21:09:56,323 - hal.utils.local_runner - INFO - Starting task 766 (active tasks: 4)
2026-03-22 21:09:56,647 - hal.utils.local_runner - INFO - Completed task 763
2026-03-22 21:09:56,647 - hal.utils.local_runner - INFO - Starting task 767 (active tasks: 4)
2026-03-22 21:11:08,863 - hal.utils.local_runner - INFO - Completed task 764
2026-03-22 21:11:08,863 - hal.utils.local_runner - INFO - Starting task 768 (active tasks: 4)
2026-03-22 21:11:23,229 - hal.utils.local_runner - INFO - Completed task 767
2026-03-22 21:11:23,230 - hal.utils.local_runner - INFO - Starting task 769 (active tasks: 4)
2026-03-22 21:11:53,656 - hal.utils.local_runner - INFO - Completed task 766
2026-03-22 21:11:53,656 - hal.utils.local_runner - INFO - Starting task 770 (active tasks: 4)
2026-03-22 21:12:13,829 - hal.utils.local_runner - INFO - Completed task 768
2026-03-22 21:12:13,829 - hal.utils.local_runner - INFO - Starting task 771 (active tasks: 4)
2026-03-22 21:12:19,113 - hal.utils.local_runner - INFO - Completed task 769
2026-03-22 21:12:19,113 - hal.utils.local_runner - INFO - Starting task 772 (active tasks: 4)
2026-03-22 21:12:56,978 - hal.utils.local_runner - INFO - Completed task 771
2026-03-22 21:12:56,978 - hal.utils.local_runner - INFO - Starting task 773 (active tasks: 4)
2026-03-22 21:13:01,966 - hal.utils.local_runner - INFO - Completed task 770
2026-03-22 21:13:01,967 - hal.utils.local_runner - INFO - Starting task 774 (active tasks: 4)
2026-03-22 21:13:43,062 - hal.utils.local_runner - INFO - Completed task 773
2026-03-22 21:13:43,062 - hal.utils.local_runner - INFO - Starting task 775 (active tasks: 4)
2026-03-22 21:13:44,039 - hal.utils.local_runner - INFO - Completed task 772
2026-03-22 21:13:44,039 - hal.utils.local_runner - INFO - Starting task 776 (active tasks: 4)
2026-03-22 21:14:05,191 - hal.utils.local_runner - INFO - Completed task 774
2026-03-22 21:14:05,191 - hal.utils.local_runner - INFO - Starting task 777 (active tasks: 4)
2026-03-22 21:14:24,236 - hal.utils.local_runner - INFO - Completed task 776
2026-03-22 21:14:24,236 - hal.utils.local_runner - INFO - Starting task 778 (active tasks: 4)
2026-03-22 21:14:30,788 - hal.utils.local_runner - INFO - Completed task 775
2026-03-22 21:14:30,788 - hal.utils.local_runner - INFO - Starting task 779 (active tasks: 4)
2026-03-22 21:15:24,484 - hal.utils.local_runner - INFO - Completed task 765
2026-03-22 21:15:24,484 - hal.utils.local_runner - INFO - Starting task 780 (active tasks: 4)
2026-03-22 21:15:31,443 - hal.utils.local_runner - INFO - Completed task 779
2026-03-22 21:15:31,443 - hal.utils.local_runner - INFO - Starting task 781 (active tasks: 4)
2026-03-22 21:16:19,148 - hal.utils.local_runner - INFO - Completed task 780
2026-03-22 21:16:19,148 - hal.utils.local_runner - INFO - Starting task 782 (active tasks: 4)
2026-03-22 21:16:54,300 - hal.utils.local_runner - INFO - Completed task 782
2026-03-22 21:16:54,300 - hal.utils.local_runner - INFO - Starting task 783 (active tasks: 4)
2026-03-22 21:16:58,018 - hal.utils.local_runner - INFO - Completed task 781
2026-03-22 21:16:58,018 - hal.utils.local_runner - INFO - Starting task 784 (active tasks: 4)
2026-03-22 21:17:56,014 - hal.utils.local_runner - INFO - Completed task 778
2026-03-22 21:17:56,014 - hal.utils.local_runner - INFO - Starting task 785 (active tasks: 4)
2026-03-22 21:18:11,537 - hal.utils.local_runner - INFO - Completed task 784
2026-03-22 21:18:11,538 - hal.utils.local_runner - INFO - Starting task 786 (active tasks: 4)
2026-03-22 21:18:50,195 - hal.utils.local_runner - INFO - Completed task 785
2026-03-22 21:18:50,196 - hal.utils.local_runner - INFO - Starting task 787 (active tasks: 4)
2026-03-22 21:19:31,105 - hal.utils.local_runner - INFO - Completed task 783
2026-03-22 21:19:31,105 - hal.utils.local_runner - INFO - Starting task 788 (active tasks: 4)
2026-03-22 21:19:48,123 - hal.utils.local_runner - INFO - Completed task 787
2026-03-22 21:19:48,123 - hal.utils.local_runner - INFO - Starting task 789 (active tasks: 4)
2026-03-22 21:20:05,846 - hal.utils.local_runner - INFO - Completed task 786
2026-03-22 21:20:05,846 - hal.utils.local_runner - INFO - Starting task 790 (active tasks: 4)
2026-03-22 21:20:19,579 - hal.utils.local_runner - INFO - Completed task 777
2026-03-22 21:20:19,579 - hal.utils.local_runner - INFO - Starting task 791 (active tasks: 4)
2026-03-22 21:20:23,532 - hal.utils.local_runner - INFO - Completed task 789
2026-03-22 21:20:23,532 - hal.utils.local_runner - INFO - Starting task 792 (active tasks: 4)
2026-03-22 21:20:31,967 - hal.utils.local_runner - INFO - Completed task 788
2026-03-22 21:20:31,967 - hal.utils.local_runner - INFO - Starting task 793 (active tasks: 4)
2026-03-22 21:21:03,403 - hal.utils.local_runner - INFO - Completed task 791
2026-03-22 21:21:03,403 - hal.utils.local_runner - INFO - Starting task 794 (active tasks: 4)
2026-03-22 21:21:40,050 - hal.utils.local_runner - INFO - Completed task 793
2026-03-22 21:21:40,050 - hal.utils.local_runner - INFO - Starting task 795 (active tasks: 4)
2026-03-22 21:21:41,272 - hal.utils.local_runner - INFO - Completed task 794
2026-03-22 21:21:41,273 - hal.utils.local_runner - INFO - Starting task 796 (active tasks: 4)
2026-03-22 21:22:35,600 - hal.utils.local_runner - INFO - Completed task 795
2026-03-22 21:22:35,600 - hal.utils.local_runner - INFO - Starting task 797 (active tasks: 4)
2026-03-22 21:23:04,927 - hal.utils.local_runner - INFO - Completed task 790
2026-03-22 21:23:04,927 - hal.utils.local_runner - INFO - Starting task 798 (active tasks: 4)
2026-03-22 21:23:14,765 - hal.utils.local_runner - INFO - Completed task 796
2026-03-22 21:23:14,765 - hal.utils.local_runner - INFO - Starting task 799 (active tasks: 4)
2026-03-22 21:23:30,581 - hal.utils.local_runner - INFO - Completed task 797
2026-03-22 21:23:30,581 - hal.utils.local_runner - INFO - Starting task 800 (active tasks: 4)
2026-03-22 21:24:29,064 - hal.utils.local_runner - INFO - Completed task 798
2026-03-22 21:24:29,064 - hal.utils.local_runner - INFO - Starting task 801 (active tasks: 4)
2026-03-22 21:26:10,512 - hal.utils.local_runner - INFO - Completed task 800
2026-03-22 21:26:10,513 - hal.utils.local_runner - INFO - Starting task 802 (active tasks: 4)
2026-03-22 21:26:38,384 - hal.utils.local_runner - INFO - Completed task 792
2026-03-22 21:26:38,384 - hal.utils.local_runner - INFO - Starting task 803 (active tasks: 4)
2026-03-22 21:27:21,652 - hal.utils.local_runner - INFO - Completed task 801
2026-03-22 21:27:21,653 - hal.utils.local_runner - INFO - Starting task 804 (active tasks: 4)
2026-03-22 21:27:40,789 - hal.utils.local_runner - INFO - Completed task 802
2026-03-22 21:27:40,789 - hal.utils.local_runner - INFO - Starting task 805 (active tasks: 4)
2026-03-22 21:27:52,252 - hal.utils.local_runner - INFO - Completed task 803
2026-03-22 21:27:52,252 - hal.utils.local_runner - INFO - Starting task 806 (active tasks: 4)
2026-03-22 21:28:15,932 - hal.utils.local_runner - INFO - Completed task 805
2026-03-22 21:28:15,932 - hal.utils.local_runner - INFO - Starting task 807 (active tasks: 4)
2026-03-22 21:28:37,763 - hal.utils.local_runner - INFO - Completed task 804
2026-03-22 21:28:37,764 - hal.utils.local_runner - INFO - Starting task 808 (active tasks: 4)
2026-03-22 21:28:48,681 - hal.utils.local_runner - INFO - Completed task 806
2026-03-22 21:28:48,681 - hal.utils.local_runner - INFO - Starting task 809 (active tasks: 4)
2026-03-22 21:29:09,353 - hal.utils.local_runner - INFO - Completed task 807
2026-03-22 21:29:09,354 - hal.utils.local_runner - INFO - Starting task 810 (active tasks: 4)
2026-03-22 21:29:23,981 - hal.utils.local_runner - INFO - Completed task 808
2026-03-22 21:29:23,981 - hal.utils.local_runner - INFO - Starting task 811 (active tasks: 4)
2026-03-22 21:29:28,876 - hal.utils.local_runner - INFO - Completed task 809
2026-03-22 21:29:28,876 - hal.utils.local_runner - INFO - Starting task 812 (active tasks: 4)
2026-03-22 21:29:29,304 - hal.utils.local_runner - INFO - Completed task 799
2026-03-22 21:29:29,305 - hal.utils.local_runner - INFO - Starting task 813 (active tasks: 4)
2026-03-22 21:29:55,853 - hal.utils.local_runner - INFO - Completed task 812
2026-03-22 21:29:55,853 - hal.utils.local_runner - INFO - Starting task 814 (active tasks: 4)
2026-03-22 21:30:15,298 - hal.utils.local_runner - INFO - Completed task 813
2026-03-22 21:30:15,299 - hal.utils.local_runner - INFO - Starting task 815 (active tasks: 4)
2026-03-22 21:30:28,050 - hal.utils.local_runner - INFO - Completed task 811
2026-03-22 21:30:28,050 - hal.utils.local_runner - INFO - Starting task 816 (active tasks: 4)
2026-03-22 21:30:40,618 - hal.utils.local_runner - INFO - Completed task 814
2026-03-22 21:30:40,618 - hal.utils.local_runner - INFO - Starting task 817 (active tasks: 4)
2026-03-22 21:30:42,734 - hal.utils.local_runner - INFO - Completed task 810
2026-03-22 21:30:42,734 - hal.utils.local_runner - INFO - Starting task 818 (active tasks: 4)
2026-03-22 21:30:52,011 - hal.utils.local_runner - INFO - Completed task 815
2026-03-22 21:30:52,012 - hal.utils.local_runner - INFO - Starting task 819 (active tasks: 4)
2026-03-22 21:31:26,237 - hal.utils.local_runner - INFO - Completed task 818
2026-03-22 21:31:26,237 - hal.utils.local_runner - INFO - Starting task 820 (active tasks: 4)
2026-03-22 21:32:00,061 - hal.utils.local_runner - INFO - Completed task 817
2026-03-22 21:32:00,061 - hal.utils.local_runner - INFO - Starting task 821 (active tasks: 4)
2026-03-22 21:32:11,583 - hal.utils.local_runner - INFO - Completed task 819
2026-03-22 21:32:11,583 - hal.utils.local_runner - INFO - Starting task 822 (active tasks: 4)
2026-03-22 21:32:17,299 - hal.utils.local_runner - INFO - Completed task 820
2026-03-22 21:32:17,299 - hal.utils.local_runner - INFO - Starting task 823 (active tasks: 4)
2026-03-22 21:32:33,029 - hal.utils.local_runner - INFO - Completed task 821
2026-03-22 21:32:33,030 - hal.utils.local_runner - INFO - Starting task 824 (active tasks: 4)
2026-03-22 21:32:41,736 - hal.utils.local_runner - INFO - Completed task 816
2026-03-22 21:32:41,736 - hal.utils.local_runner - INFO - Starting task 825 (active tasks: 4)
2026-03-22 21:33:13,697 - hal.utils.local_runner - INFO - Completed task 822
2026-03-22 21:33:13,698 - hal.utils.local_runner - INFO - Starting task 826 (active tasks: 4)
2026-03-22 21:33:37,225 - hal.utils.local_runner - INFO - Completed task 823
2026-03-22 21:33:37,226 - hal.utils.local_runner - INFO - Starting task 827 (active tasks: 4)
2026-03-22 21:33:45,040 - hal.utils.local_runner - INFO - Completed task 826
2026-03-22 21:33:45,040 - hal.utils.local_runner - INFO - Starting task 828 (active tasks: 4)
2026-03-22 21:33:48,307 - hal.utils.local_runner - INFO - Completed task 825
2026-03-22 21:33:48,307 - hal.utils.local_runner - INFO - Starting task 829 (active tasks: 4)
2026-03-22 21:33:54,254 - hal.utils.local_runner - INFO - Completed task 824
2026-03-22 21:33:54,254 - hal.utils.local_runner - INFO - Starting task 830 (active tasks: 4)
2026-03-22 21:34:05,728 - hal.utils.local_runner - INFO - Completed task 827
2026-03-22 21:34:05,728 - hal.utils.local_runner - INFO - Starting task 831 (active tasks: 4)
2026-03-22 21:34:42,343 - hal.utils.local_runner - INFO - Completed task 830
2026-03-22 21:34:42,343 - hal.utils.local_runner - INFO - Starting task 832 (active tasks: 4)
2026-03-22 21:34:43,079 - hal.utils.local_runner - INFO - Completed task 829
2026-03-22 21:34:43,079 - hal.utils.local_runner - INFO - Starting task 833 (active tasks: 4)
2026-03-22 21:35:41,279 - hal.utils.local_runner - INFO - Completed task 831
2026-03-22 21:35:41,279 - hal.utils.local_runner - INFO - Starting task 834 (active tasks: 4)
2026-03-22 21:36:06,261 - hal.utils.local_runner - INFO - Completed task 833
2026-03-22 21:36:06,261 - hal.utils.local_runner - INFO - Starting task 835 (active tasks: 4)
2026-03-22 21:36:22,097 - hal.utils.local_runner - INFO - Completed task 834
2026-03-22 21:36:22,097 - hal.utils.local_runner - INFO - Starting task 836 (active tasks: 4)
2026-03-22 21:36:23,061 - hal.utils.local_runner - INFO - Completed task 832
2026-03-22 21:36:23,061 - hal.utils.local_runner - INFO - Starting task 837 (active tasks: 4)
2026-03-22 21:37:11,479 - hal.utils.local_runner - INFO - Completed task 837
2026-03-22 21:37:11,479 - hal.utils.local_runner - INFO - Starting task 838 (active tasks: 4)
2026-03-22 21:37:18,344 - hal.utils.local_runner - INFO - Completed task 836
2026-03-22 21:37:18,344 - hal.utils.local_runner - INFO - Starting task 839 (active tasks: 4)
2026-03-22 21:38:03,592 - hal.utils.local_runner - INFO - Completed task 839
2026-03-22 21:38:03,593 - hal.utils.local_runner - INFO - Starting task 840 (active tasks: 4)
2026-03-22 21:38:11,405 - hal.utils.local_runner - INFO - Completed task 838
2026-03-22 21:38:11,405 - hal.utils.local_runner - INFO - Starting task 841 (active tasks: 4)
2026-03-22 21:39:04,444 - hal.utils.local_runner - INFO - Completed task 840
2026-03-22 21:39:04,444 - hal.utils.local_runner - INFO - Starting task 842 (active tasks: 4)
2026-03-22 21:39:24,653 - hal.utils.local_runner - INFO - Completed task 841
2026-03-22 21:39:24,653 - hal.utils.local_runner - INFO - Starting task 843 (active tasks: 4)
2026-03-22 21:39:58,571 - hal.utils.local_runner - INFO - Completed task 828
2026-03-22 21:39:58,571 - hal.utils.local_runner - INFO - Starting task 844 (active tasks: 4)
2026-03-22 21:40:05,969 - hal.utils.local_runner - INFO - Completed task 843
2026-03-22 21:40:05,969 - hal.utils.local_runner - INFO - Starting task 845 (active tasks: 4)
2026-03-22 21:40:44,403 - hal.utils.local_runner - INFO - Completed task 842
2026-03-22 21:40:44,404 - hal.utils.local_runner - INFO - Starting task 846 (active tasks: 4)
2026-03-22 21:41:07,856 - hal.utils.local_runner - INFO - Completed task 844
2026-03-22 21:41:07,857 - hal.utils.local_runner - INFO - Starting task 847 (active tasks: 4)
2026-03-22 21:41:20,127 - hal.utils.local_runner - INFO - Completed task 845
2026-03-22 21:41:20,127 - hal.utils.local_runner - INFO - Starting task 848 (active tasks: 4)
2026-03-22 21:41:33,043 - hal.utils.local_runner - INFO - Completed task 846
2026-03-22 21:41:33,043 - hal.utils.local_runner - INFO - Starting task 849 (active tasks: 4)
2026-03-22 21:42:00,838 - hal.utils.local_runner - INFO - Completed task 848
2026-03-22 21:42:00,838 - hal.utils.local_runner - INFO - Starting task 850 (active tasks: 4)
2026-03-22 21:42:02,540 - hal.utils.local_runner - INFO - Completed task 847
2026-03-22 21:42:02,540 - hal.utils.local_runner - INFO - Starting task 851 (active tasks: 4)
2026-03-22 21:42:03,863 - hal.utils.local_runner - INFO - Completed task 849
2026-03-22 21:42:03,863 - hal.utils.local_runner - INFO - Starting task 852 (active tasks: 4)
2026-03-22 21:42:19,759 - hal.utils.local_runner - INFO - Completed task 835
2026-03-22 21:42:19,759 - hal.utils.local_runner - INFO - Starting task 853 (active tasks: 4)
2026-03-22 21:42:44,635 - hal.utils.local_runner - INFO - Completed task 851
2026-03-22 21:42:44,635 - hal.utils.local_runner - INFO - Starting task 854 (active tasks: 4)
2026-03-22 21:43:18,288 - hal.utils.local_runner - INFO - Completed task 852
2026-03-22 21:43:18,288 - hal.utils.local_runner - INFO - Starting task 855 (active tasks: 4)
2026-03-22 21:43:36,463 - hal.utils.local_runner - INFO - Completed task 853
2026-03-22 21:43:36,463 - hal.utils.local_runner - INFO - Starting task 856 (active tasks: 4)
2026-03-22 21:43:49,432 - hal.utils.local_runner - INFO - Completed task 854
2026-03-22 21:43:49,432 - hal.utils.local_runner - INFO - Starting task 857 (active tasks: 4)
2026-03-22 21:44:49,515 - hal.utils.local_runner - INFO - Completed task 855
2026-03-22 21:44:49,516 - hal.utils.local_runner - INFO - Starting task 858 (active tasks: 4)
2026-03-22 21:44:59,375 - hal.utils.local_runner - INFO - Completed task 856
2026-03-22 21:44:59,375 - hal.utils.local_runner - INFO - Starting task 859 (active tasks: 4)
2026-03-22 21:45:21,371 - hal.utils.local_runner - INFO - Completed task 857
2026-03-22 21:45:21,371 - hal.utils.local_runner - INFO - Starting task 860 (active tasks: 4)
2026-03-22 21:45:27,541 - hal.utils.local_runner - INFO - Completed task 858
2026-03-22 21:45:27,541 - hal.utils.local_runner - INFO - Starting task 861 (active tasks: 4)
2026-03-22 21:46:22,984 - hal.utils.local_runner - INFO - Completed task 859
2026-03-22 21:46:22,984 - hal.utils.local_runner - INFO - Starting task 862 (active tasks: 4)
2026-03-22 21:46:26,433 - hal.utils.local_runner - INFO - Completed task 861
2026-03-22 21:46:26,433 - hal.utils.local_runner - INFO - Starting task 863 (active tasks: 4)
2026-03-22 21:46:38,832 - hal.utils.local_runner - INFO - Completed task 860
2026-03-22 21:46:38,832 - hal.utils.local_runner - INFO - Starting task 864 (active tasks: 4)
2026-03-22 21:47:09,310 - hal.utils.local_runner - INFO - Completed task 850
2026-03-22 21:47:09,310 - hal.utils.local_runner - INFO - Starting task 865 (active tasks: 4)
2026-03-22 21:47:33,695 - hal.utils.local_runner - INFO - Completed task 863
2026-03-22 21:47:33,695 - hal.utils.local_runner - INFO - Starting task 866 (active tasks: 4)
2026-03-22 21:47:38,234 - hal.utils.local_runner - INFO - Completed task 864
2026-03-22 21:47:38,234 - hal.utils.local_runner - INFO - Starting task 867 (active tasks: 4)
2026-03-22 21:47:42,849 - hal.utils.local_runner - INFO - Completed task 865
2026-03-22 21:47:42,850 - hal.utils.local_runner - INFO - Starting task 868 (active tasks: 4)
2026-03-22 21:48:05,874 - hal.utils.local_runner - INFO - Completed task 862
2026-03-22 21:48:05,874 - hal.utils.local_runner - INFO - Starting task 869 (active tasks: 4)
2026-03-22 21:48:18,395 - hal.utils.local_runner - INFO - Completed task 867
2026-03-22 21:48:18,395 - hal.utils.local_runner - INFO - Starting task 870 (active tasks: 4)
2026-03-22 21:48:33,990 - hal.utils.local_runner - INFO - Completed task 866
2026-03-22 21:48:33,990 - hal.utils.local_runner - INFO - Starting task 871 (active tasks: 4)
2026-03-22 21:48:40,709 - hal.utils.local_runner - INFO - Completed task 869
2026-03-22 21:48:40,709 - hal.utils.local_runner - INFO - Starting task 872 (active tasks: 4)
2026-03-22 21:48:58,204 - hal.utils.local_runner - INFO - Completed task 870
2026-03-22 21:48:58,204 - hal.utils.local_runner - INFO - Starting task 873 (active tasks: 4)
2026-03-22 21:49:18,638 - hal.utils.local_runner - INFO - Completed task 871
2026-03-22 21:49:18,638 - hal.utils.local_runner - INFO - Starting task 874 (active tasks: 4)
2026-03-22 21:49:20,131 - hal.utils.local_runner - INFO - Completed task 868
2026-03-22 21:49:20,131 - hal.utils.local_runner - INFO - Starting task 875 (active tasks: 4)
2026-03-22 21:49:54,608 - hal.utils.local_runner - INFO - Completed task 872
2026-03-22 21:49:54,608 - hal.utils.local_runner - INFO - Starting task 876 (active tasks: 4)
2026-03-22 21:49:57,184 - hal.utils.local_runner - INFO - Completed task 875
2026-03-22 21:49:57,185 - hal.utils.local_runner - INFO - Starting task 877 (active tasks: 4)
2026-03-22 21:50:06,462 - hal.utils.local_runner - INFO - Completed task 873
2026-03-22 21:50:06,462 - hal.utils.local_runner - INFO - Starting task 878 (active tasks: 4)
2026-03-22 21:50:07,223 - hal.utils.local_runner - INFO - Completed task 874
2026-03-22 21:50:07,223 - hal.utils.local_runner - INFO - Starting task 879 (active tasks: 4)
2026-03-22 21:51:03,662 - hal.utils.local_runner - INFO - Completed task 879
2026-03-22 21:51:03,662 - hal.utils.local_runner - INFO - Starting task 880 (active tasks: 4)
2026-03-22 21:51:04,112 - hal.utils.local_runner - INFO - Completed task 877
2026-03-22 21:51:04,112 - hal.utils.local_runner - INFO - Starting task 881 (active tasks: 4)
2026-03-22 21:51:07,238 - hal.utils.local_runner - INFO - Completed task 876
2026-03-22 21:51:07,238 - hal.utils.local_runner - INFO - Starting task 882 (active tasks: 4)
2026-03-22 21:51:22,606 - hal.utils.local_runner - INFO - Completed task 878
2026-03-22 21:51:22,606 - hal.utils.local_runner - INFO - Starting task 883 (active tasks: 4)
2026-03-22 21:51:56,613 - hal.utils.local_runner - INFO - Completed task 882
2026-03-22 21:51:56,613 - hal.utils.local_runner - INFO - Starting task 884 (active tasks: 4)
2026-03-22 21:51:57,565 - hal.utils.local_runner - INFO - Completed task 883
2026-03-22 21:51:57,565 - hal.utils.local_runner - INFO - Starting task 885 (active tasks: 4)
2026-03-22 21:52:12,334 - hal.utils.local_runner - INFO - Completed task 880
2026-03-22 21:52:12,334 - hal.utils.local_runner - INFO - Starting task 886 (active tasks: 4)
2026-03-22 21:52:25,534 - hal.utils.local_runner - INFO - Completed task 881
2026-03-22 21:52:25,535 - hal.utils.local_runner - INFO - Starting task 887 (active tasks: 4)
2026-03-22 21:52:49,003 - hal.utils.local_runner - INFO - Completed task 885
2026-03-22 21:52:49,004 - hal.utils.local_runner - INFO - Starting task 888 (active tasks: 4)
2026-03-22 21:53:15,227 - hal.utils.local_runner - INFO - Completed task 888
2026-03-22 21:53:15,228 - hal.utils.local_runner - INFO - Starting task 889 (active tasks: 4)
2026-03-22 21:53:27,825 - hal.utils.local_runner - INFO - Completed task 886
2026-03-22 21:53:27,825 - hal.utils.local_runner - INFO - Starting task 890 (active tasks: 4)
2026-03-22 21:53:28,941 - hal.utils.local_runner - INFO - Completed task 884
2026-03-22 21:53:28,941 - hal.utils.local_runner - INFO - Starting task 891 (active tasks: 4)
2026-03-22 21:53:41,705 - hal.utils.local_runner - INFO - Completed task 887
2026-03-22 21:53:41,706 - hal.utils.local_runner - INFO - Starting task 892 (active tasks: 4)
2026-03-22 21:54:02,022 - hal.utils.local_runner - INFO - Completed task 890
2026-03-22 21:54:02,022 - hal.utils.local_runner - INFO - Starting task 893 (active tasks: 4)
2026-03-22 21:54:15,254 - hal.utils.local_runner - INFO - Completed task 889
2026-03-22 21:54:15,254 - hal.utils.local_runner - INFO - Starting task 894 (active tasks: 4)
2026-03-22 21:54:36,750 - hal.utils.local_runner - INFO - Completed task 892
2026-03-22 21:54:36,750 - hal.utils.local_runner - INFO - Starting task 895 (active tasks: 4)
2026-03-22 21:54:41,656 - hal.utils.local_runner - INFO - Completed task 891
2026-03-22 21:54:41,656 - hal.utils.local_runner - INFO - Starting task 896 (active tasks: 4)
2026-03-22 21:55:16,054 - hal.utils.local_runner - INFO - Completed task 894
2026-03-22 21:55:16,054 - hal.utils.local_runner - INFO - Starting task 897 (active tasks: 4)
2026-03-22 21:55:40,332 - hal.utils.local_runner - INFO - Completed task 896
2026-03-22 21:55:40,332 - hal.utils.local_runner - INFO - Starting task 898 (active tasks: 4)
2026-03-22 21:55:44,130 - hal.utils.local_runner - INFO - Completed task 893
2026-03-22 21:55:44,130 - hal.utils.local_runner - INFO - Starting task 899 (active tasks: 4)
2026-03-22 21:56:13,859 - hal.utils.local_runner - INFO - Completed task 898
2026-03-22 21:56:13,859 - hal.utils.local_runner - INFO - Starting task 900 (active tasks: 4)
2026-03-22 21:56:19,619 - hal.utils.local_runner - INFO - Completed task 897
2026-03-22 21:56:19,619 - hal.utils.local_runner - INFO - Starting task 901 (active tasks: 4)
2026-03-22 21:56:22,662 - hal.utils.local_runner - INFO - Completed task 899
2026-03-22 21:56:22,663 - hal.utils.local_runner - INFO - Starting task 902 (active tasks: 4)
2026-03-22 21:56:46,365 - hal.utils.local_runner - INFO - Completed task 895
2026-03-22 21:56:46,365 - hal.utils.local_runner - INFO - Starting task 903 (active tasks: 4)
2026-03-22 21:56:55,169 - hal.utils.local_runner - INFO - Completed task 900
2026-03-22 21:56:55,170 - hal.utils.local_runner - INFO - Starting task 904 (active tasks: 4)
2026-03-22 21:57:06,737 - hal.utils.local_runner - INFO - Completed task 901
2026-03-22 21:57:06,738 - hal.utils.local_runner - INFO - Starting task 905 (active tasks: 4)
2026-03-22 21:57:24,006 - hal.utils.local_runner - INFO - Completed task 903
2026-03-22 21:57:24,006 - hal.utils.local_runner - INFO - Starting task 906 (active tasks: 4)
2026-03-22 21:57:26,077 - hal.utils.local_runner - INFO - Completed task 902
2026-03-22 21:57:26,077 - hal.utils.local_runner - INFO - Starting task 907 (active tasks: 4)
2026-03-22 21:57:59,729 - hal.utils.local_runner - INFO - Completed task 905
2026-03-22 21:57:59,729 - hal.utils.local_runner - INFO - Starting task 908 (active tasks: 4)
2026-03-22 21:58:05,982 - hal.utils.local_runner - INFO - Completed task 907
2026-03-22 21:58:05,982 - hal.utils.local_runner - INFO - Starting task 909 (active tasks: 4)
2026-03-22 21:58:15,854 - hal.utils.local_runner - INFO - Completed task 904
2026-03-22 21:58:15,854 - hal.utils.local_runner - INFO - Starting task 910 (active tasks: 4)
2026-03-22 21:58:40,163 - hal.utils.local_runner - INFO - Completed task 908
2026-03-22 21:58:40,163 - hal.utils.local_runner - INFO - Starting task 911 (active tasks: 4)
2026-03-22 21:58:51,763 - hal.utils.local_runner - INFO - Completed task 910
2026-03-22 21:58:51,763 - hal.utils.local_runner - INFO - Starting task 912 (active tasks: 4)
2026-03-22 21:59:06,978 - hal.utils.local_runner - INFO - Completed task 906
2026-03-22 21:59:06,978 - hal.utils.local_runner - INFO - Starting task 913 (active tasks: 4)
2026-03-22 21:59:09,642 - hal.utils.local_runner - INFO - Completed task 909
2026-03-22 21:59:09,642 - hal.utils.local_runner - INFO - Starting task 914 (active tasks: 4)
2026-03-22 21:59:20,474 - hal.utils.local_runner - INFO - Completed task 912
2026-03-22 21:59:20,475 - hal.utils.local_runner - INFO - Starting task 915 (active tasks: 4)
2026-03-22 21:59:34,631 - hal.utils.local_runner - INFO - Completed task 911
2026-03-22 21:59:34,631 - hal.utils.local_runner - INFO - Starting task 916 (active tasks: 4)
2026-03-22 21:59:47,143 - hal.utils.local_runner - INFO - Completed task 913
2026-03-22 21:59:47,143 - hal.utils.local_runner - INFO - Starting task 917 (active tasks: 4)
2026-03-22 21:59:53,998 - hal.utils.local_runner - INFO - Completed task 914
2026-03-22 21:59:53,998 - hal.utils.local_runner - INFO - Starting task 918 (active tasks: 4)
2026-03-22 22:00:12,686 - hal.utils.local_runner - INFO - Completed task 917
2026-03-22 22:00:12,686 - hal.utils.local_runner - INFO - Starting task 919 (active tasks: 4)
2026-03-22 22:00:49,424 - hal.utils.local_runner - INFO - Completed task 918
2026-03-22 22:00:49,424 - hal.utils.local_runner - INFO - Starting task 920 (active tasks: 4)
2026-03-22 22:00:51,651 - hal.utils.local_runner - INFO - Completed task 916
2026-03-22 22:00:51,651 - hal.utils.local_runner - INFO - Starting task 921 (active tasks: 4)
2026-03-22 22:00:53,271 - hal.utils.local_runner - INFO - Completed task 915
2026-03-22 22:00:53,271 - hal.utils.local_runner - INFO - Starting task 922 (active tasks: 4)
2026-03-22 22:00:58,991 - hal.utils.local_runner - INFO - Completed task 919
2026-03-22 22:00:58,991 - hal.utils.local_runner - INFO - Starting task 923 (active tasks: 4)
2026-03-22 22:01:37,114 - hal.utils.local_runner - INFO - Completed task 923
2026-03-22 22:01:37,114 - hal.utils.local_runner - INFO - Starting task 924 (active tasks: 4)
2026-03-22 22:01:37,142 - hal.utils.local_runner - INFO - Completed task 920
2026-03-22 22:01:37,142 - hal.utils.local_runner - INFO - Starting task 925 (active tasks: 4)
2026-03-22 22:01:45,870 - hal.utils.local_runner - INFO - Completed task 921
2026-03-22 22:01:45,870 - hal.utils.local_runner - INFO - Starting task 926 (active tasks: 4)
2026-03-22 22:01:56,373 - hal.utils.local_runner - INFO - Completed task 922
2026-03-22 22:01:56,373 - hal.utils.local_runner - INFO - Starting task 927 (active tasks: 4)
2026-03-22 22:02:25,676 - hal.utils.local_runner - INFO - Completed task 924
2026-03-22 22:02:25,676 - hal.utils.local_runner - INFO - Starting task 928 (active tasks: 4)
2026-03-22 22:02:26,888 - hal.utils.local_runner - INFO - Completed task 925
2026-03-22 22:02:26,888 - hal.utils.local_runner - INFO - Starting task 929 (active tasks: 4)
2026-03-22 22:02:37,517 - hal.utils.local_runner - INFO - Completed task 926
2026-03-22 22:02:37,517 - hal.utils.local_runner - INFO - Starting task 930 (active tasks: 4)
2026-03-22 22:02:40,286 - hal.utils.local_runner - INFO - Completed task 927
2026-03-22 22:02:40,286 - hal.utils.local_runner - INFO - Starting task 931 (active tasks: 4)
2026-03-22 22:03:13,925 - hal.utils.local_runner - INFO - Completed task 931
2026-03-22 22:03:13,926 - hal.utils.local_runner - INFO - Starting task 932 (active tasks: 4)
2026-03-22 22:03:23,607 - hal.utils.local_runner - INFO - Completed task 930
2026-03-22 22:03:23,607 - hal.utils.local_runner - INFO - Starting task 933 (active tasks: 4)
2026-03-22 22:03:34,828 - hal.utils.local_runner - INFO - Completed task 929
2026-03-22 22:03:34,828 - hal.utils.local_runner - INFO - Starting task 934 (active tasks: 4)
2026-03-22 22:03:58,919 - hal.utils.local_runner - INFO - Completed task 928
2026-03-22 22:03:58,919 - hal.utils.local_runner - INFO - Starting task 935 (active tasks: 4)
2026-03-22 22:04:05,434 - hal.utils.local_runner - INFO - Completed task 933
2026-03-22 22:04:05,434 - hal.utils.local_runner - INFO - Starting task 936 (active tasks: 4)
2026-03-22 22:04:10,142 - hal.utils.local_runner - INFO - Completed task 932
2026-03-22 22:04:10,143 - hal.utils.local_runner - INFO - Starting task 937 (active tasks: 4)
2026-03-22 22:04:25,846 - hal.utils.local_runner - INFO - Completed task 934
2026-03-22 22:04:25,846 - hal.utils.local_runner - INFO - Starting task 938 (active tasks: 4)
2026-03-22 22:04:51,032 - hal.utils.local_runner - INFO - Completed task 935
2026-03-22 22:04:51,032 - hal.utils.local_runner - INFO - Starting task 939 (active tasks: 4)
2026-03-22 22:04:59,665 - hal.utils.local_runner - INFO - Completed task 938
2026-03-22 22:04:59,665 - hal.utils.local_runner - INFO - Starting task 940 (active tasks: 4)
2026-03-22 22:05:24,142 - hal.utils.local_runner - INFO - Completed task 936
2026-03-22 22:05:24,142 - hal.utils.local_runner - INFO - Starting task 941 (active tasks: 4)
2026-03-22 22:05:28,780 - hal.utils.local_runner - INFO - Completed task 937
2026-03-22 22:05:28,780 - hal.utils.local_runner - INFO - Starting task 942 (active tasks: 4)
2026-03-22 22:05:48,917 - hal.utils.local_runner - INFO - Completed task 939
2026-03-22 22:05:48,917 - hal.utils.local_runner - INFO - Starting task 943 (active tasks: 4)
2026-03-22 22:06:31,487 - hal.utils.local_runner - INFO - Completed task 942
2026-03-22 22:06:31,487 - hal.utils.local_runner - INFO - Starting task 944 (active tasks: 4)
2026-03-22 22:06:38,348 - hal.utils.local_runner - INFO - Completed task 940
2026-03-22 22:06:38,348 - hal.utils.local_runner - INFO - Starting task 945 (active tasks: 4)
2026-03-22 22:06:53,055 - hal.utils.local_runner - INFO - Completed task 941
2026-03-22 22:06:53,056 - hal.utils.local_runner - INFO - Starting task 946 (active tasks: 4)
2026-03-22 22:07:06,195 - hal.utils.local_runner - INFO - Completed task 943
2026-03-22 22:07:06,195 - hal.utils.local_runner - INFO - Starting task 947 (active tasks: 4)
2026-03-22 22:07:46,649 - hal.utils.local_runner - INFO - Completed task 947
2026-03-22 22:07:46,649 - hal.utils.local_runner - INFO - Starting task 948 (active tasks: 4)
2026-03-22 22:07:49,457 - hal.utils.local_runner - INFO - Completed task 944
2026-03-22 22:07:49,458 - hal.utils.local_runner - INFO - Starting task 949 (active tasks: 4)
2026-03-22 22:07:54,078 - hal.utils.local_runner - INFO - Completed task 946
2026-03-22 22:07:54,078 - hal.utils.local_runner - INFO - Starting task 950 (active tasks: 4)
2026-03-22 22:08:00,504 - hal.utils.local_runner - INFO - Completed task 945
2026-03-22 22:08:00,505 - hal.utils.local_runner - INFO - Starting task 951 (active tasks: 4)
2026-03-22 22:08:30,472 - hal.utils.local_runner - INFO - Completed task 948
2026-03-22 22:08:30,472 - hal.utils.local_runner - INFO - Starting task 952 (active tasks: 4)
2026-03-22 22:08:33,820 - hal.utils.local_runner - INFO - Completed task 949
2026-03-22 22:08:33,820 - hal.utils.local_runner - INFO - Starting task 953 (active tasks: 4)
2026-03-22 22:08:40,339 - hal.utils.local_runner - INFO - Completed task 950
2026-03-22 22:08:40,339 - hal.utils.local_runner - INFO - Starting task 954 (active tasks: 4)
2026-03-22 22:09:11,153 - hal.utils.local_runner - INFO - Completed task 952
2026-03-22 22:09:11,153 - hal.utils.local_runner - INFO - Starting task 955 (active tasks: 4)
2026-03-22 22:09:15,023 - hal.utils.local_runner - INFO - Completed task 953
2026-03-22 22:09:15,023 - hal.utils.local_runner - INFO - Starting task 956 (active tasks: 4)
2026-03-22 22:09:32,408 - hal.utils.local_runner - INFO - Completed task 954
2026-03-22 22:09:32,408 - hal.utils.local_runner - INFO - Starting task 957 (active tasks: 4)
2026-03-22 22:09:44,240 - hal.utils.local_runner - INFO - Completed task 951
2026-03-22 22:09:44,240 - hal.utils.local_runner - INFO - Starting task 958 (active tasks: 4)
2026-03-22 22:09:54,258 - hal.utils.local_runner - INFO - Completed task 955
2026-03-22 22:09:54,258 - hal.utils.local_runner - INFO - Starting task 959 (active tasks: 4)
2026-03-22 22:10:01,991 - hal.utils.local_runner - INFO - Completed task 956
2026-03-22 22:10:01,992 - hal.utils.local_runner - INFO - Starting task 960 (active tasks: 4)
2026-03-22 22:10:42,072 - hal.utils.local_runner - INFO - Completed task 958
2026-03-22 22:10:42,072 - hal.utils.local_runner - INFO - Starting task 961 (active tasks: 4)
2026-03-22 22:10:48,813 - hal.utils.local_runner - INFO - Completed task 957
2026-03-22 22:10:48,813 - hal.utils.local_runner - INFO - Starting task 962 (active tasks: 4)
2026-03-22 22:10:58,488 - hal.utils.local_runner - INFO - Completed task 960
2026-03-22 22:10:58,488 - hal.utils.local_runner - INFO - Starting task 963 (active tasks: 4)
2026-03-22 22:11:09,052 - hal.utils.local_runner - INFO - Completed task 959
2026-03-22 22:11:09,052 - hal.utils.local_runner - INFO - Starting task 964 (active tasks: 4)
2026-03-22 22:11:37,015 - hal.utils.local_runner - INFO - Completed task 961
2026-03-22 22:11:37,016 - hal.utils.local_runner - INFO - Starting task 965 (active tasks: 4)
2026-03-22 22:11:49,855 - hal.utils.local_runner - INFO - Completed task 963
2026-03-22 22:11:49,855 - hal.utils.local_runner - INFO - Starting task 966 (active tasks: 4)
2026-03-22 22:12:10,144 - hal.utils.local_runner - INFO - Completed task 964
2026-03-22 22:12:10,144 - hal.utils.local_runner - INFO - Starting task 967 (active tasks: 4)
2026-03-22 22:12:32,488 - hal.utils.local_runner - INFO - Completed task 965
2026-03-22 22:12:32,489 - hal.utils.local_runner - INFO - Starting task 968 (active tasks: 4)
2026-03-22 22:12:48,857 - hal.utils.local_runner - INFO - Completed task 962
2026-03-22 22:12:48,857 - hal.utils.local_runner - INFO - Starting task 969 (active tasks: 4)
2026-03-22 22:12:49,882 - hal.utils.local_runner - INFO - Completed task 966
2026-03-22 22:12:49,883 - hal.utils.local_runner - INFO - Starting task 970 (active tasks: 4)
2026-03-22 22:13:28,040 - hal.utils.local_runner - INFO - Completed task 969
2026-03-22 22:13:28,041 - hal.utils.local_runner - INFO - Starting task 971 (active tasks: 4)
2026-03-22 22:13:28,356 - hal.utils.local_runner - INFO - Completed task 970
2026-03-22 22:13:28,356 - hal.utils.local_runner - INFO - Starting task 972 (active tasks: 4)
2026-03-22 22:13:29,266 - hal.utils.local_runner - INFO - Completed task 967
2026-03-22 22:13:29,267 - hal.utils.local_runner - INFO - Starting task 973 (active tasks: 4)
2026-03-22 22:13:57,161 - hal.utils.local_runner - INFO - Completed task 971
2026-03-22 22:13:57,161 - hal.utils.local_runner - INFO - Starting task 974 (active tasks: 4)
2026-03-22 22:14:17,513 - hal.utils.local_runner - INFO - Completed task 973
2026-03-22 22:14:17,513 - hal.utils.local_runner - INFO - Starting task 975 (active tasks: 4)
2026-03-22 22:14:23,446 - hal.utils.local_runner - INFO - Completed task 972
2026-03-22 22:14:23,446 - hal.utils.local_runner - INFO - Starting task 976 (active tasks: 4)
2026-03-22 22:14:33,445 - hal.utils.local_runner - INFO - Completed task 968
2026-03-22 22:14:33,445 - hal.utils.local_runner - INFO - Starting task 977 (active tasks: 4)
2026-03-22 22:14:44,352 - hal.utils.local_runner - INFO - Completed task 974
2026-03-22 22:14:44,353 - hal.utils.local_runner - INFO - Starting task 978 (active tasks: 4)
2026-03-22 22:15:01,578 - hal.utils.local_runner - INFO - Completed task 976
2026-03-22 22:15:01,578 - hal.utils.local_runner - INFO - Starting task 979 (active tasks: 4)
2026-03-22 22:15:07,978 - hal.utils.local_runner - INFO - Completed task 975
2026-03-22 22:15:07,978 - hal.utils.local_runner - INFO - Starting task 980 (active tasks: 4)
2026-03-22 22:15:14,586 - hal.utils.local_runner - INFO - Completed task 977
2026-03-22 22:15:14,587 - hal.utils.local_runner - INFO - Starting task 981 (active tasks: 4)
2026-03-22 22:15:31,786 - hal.utils.local_runner - INFO - Completed task 978
2026-03-22 22:15:31,786 - hal.utils.local_runner - INFO - Starting task 982 (active tasks: 4)
2026-03-22 22:16:01,738 - hal.utils.local_runner - INFO - Completed task 981
2026-03-22 22:16:01,738 - hal.utils.local_runner - INFO - Starting task 983 (active tasks: 4)
2026-03-22 22:16:14,203 - hal.utils.local_runner - INFO - Completed task 979
2026-03-22 22:16:14,203 - hal.utils.local_runner - INFO - Starting task 984 (active tasks: 4)
2026-03-22 22:16:43,451 - hal.utils.local_runner - INFO - Completed task 980
2026-03-22 22:16:43,451 - hal.utils.local_runner - INFO - Starting task 985 (active tasks: 4)
2026-03-22 22:16:54,892 - hal.utils.local_runner - INFO - Completed task 983
2026-03-22 22:16:54,892 - hal.utils.local_runner - INFO - Starting task 986 (active tasks: 4)
2026-03-22 22:17:33,316 - hal.utils.local_runner - INFO - Completed task 985
2026-03-22 22:17:33,317 - hal.utils.local_runner - INFO - Starting task 987 (active tasks: 4)
2026-03-22 22:17:41,386 - hal.utils.local_runner - INFO - Completed task 984
2026-03-22 22:17:41,386 - hal.utils.local_runner - INFO - Starting task 988 (active tasks: 4)
2026-03-22 22:18:21,941 - hal.utils.local_runner - INFO - Completed task 987
2026-03-22 22:18:21,942 - hal.utils.local_runner - INFO - Starting task 989 (active tasks: 4)
2026-03-22 22:18:22,719 - hal.utils.local_runner - INFO - Completed task 982
2026-03-22 22:18:22,719 - hal.utils.local_runner - INFO - Starting task 990 (active tasks: 4)
2026-03-22 22:18:23,029 - hal.utils.local_runner - INFO - Completed task 986
2026-03-22 22:18:23,029 - hal.utils.local_runner - INFO - Starting task 991 (active tasks: 4)
2026-03-22 22:18:33,723 - hal.utils.local_runner - INFO - Completed task 988
2026-03-22 22:18:33,723 - hal.utils.local_runner - INFO - Starting task 992 (active tasks: 4)
2026-03-22 22:18:57,270 - hal.utils.local_runner - INFO - Completed task 991
2026-03-22 22:18:57,270 - hal.utils.local_runner - INFO - Starting task 993 (active tasks: 4)
2026-03-22 22:19:00,625 - hal.utils.local_runner - INFO - Completed task 989
2026-03-22 22:19:00,625 - hal.utils.local_runner - INFO - Starting task 994 (active tasks: 4)
2026-03-22 22:19:18,215 - hal.utils.local_runner - INFO - Completed task 992
2026-03-22 22:19:18,215 - hal.utils.local_runner - INFO - Starting task 995 (active tasks: 4)
2026-03-22 22:19:19,332 - hal.utils.local_runner - INFO - Completed task 990
2026-03-22 22:19:19,332 - hal.utils.local_runner - INFO - Starting task 996 (active tasks: 4)
2026-03-22 22:19:31,130 - hal.utils.local_runner - INFO - Completed task 993
2026-03-22 22:19:31,130 - hal.utils.local_runner - INFO - Starting task 997 (active tasks: 4)
2026-03-22 22:20:07,881 - hal.utils.local_runner - INFO - Completed task 997
2026-03-22 22:20:07,881 - hal.utils.local_runner - INFO - Starting task 998 (active tasks: 4)
2026-03-22 22:20:08,579 - hal.utils.local_runner - INFO - Completed task 994
2026-03-22 22:20:08,580 - hal.utils.local_runner - INFO - Starting task 999 (active tasks: 4)
2026-03-22 22:20:53,730 - hal.utils.local_runner - INFO - Completed task 999
2026-03-22 22:20:53,730 - hal.utils.local_runner - INFO - Starting task 1000 (active tasks: 4)
2026-03-22 22:21:13,902 - hal.utils.local_runner - INFO - Completed task 998
2026-03-22 22:21:13,902 - hal.utils.local_runner - INFO - Starting task 1001 (active tasks: 4)
2026-03-22 22:21:48,420 - hal.utils.local_runner - INFO - Completed task 1001
2026-03-22 22:21:48,420 - hal.utils.local_runner - INFO - Starting task 1002 (active tasks: 4)
2026-03-22 22:22:02,598 - hal.utils.local_runner - INFO - Completed task 1000
2026-03-22 22:22:02,599 - hal.utils.local_runner - INFO - Starting task 1003 (active tasks: 4)
2026-03-22 22:22:56,325 - hal.utils.local_runner - INFO - Completed task 1003
2026-03-22 22:22:56,325 - hal.utils.local_runner - INFO - Starting task 1004 (active tasks: 4)
2026-03-22 22:23:31,918 - hal.utils.local_runner - INFO - Completed task 1002
2026-03-22 22:23:31,918 - hal.utils.local_runner - INFO - Starting task 1005 (active tasks: 4)
2026-03-22 22:24:02,099 - hal.utils.local_runner - INFO - Completed task 995
2026-03-22 22:24:02,099 - hal.utils.local_runner - INFO - Starting task 1006 (active tasks: 4)
2026-03-22 22:24:07,061 - hal.utils.local_runner - INFO - Completed task 1004
2026-03-22 22:24:07,062 - hal.utils.local_runner - INFO - Starting task 1007 (active tasks: 4)
2026-03-22 22:24:12,020 - hal.utils.local_runner - INFO - Completed task 996
2026-03-22 22:24:12,020 - hal.utils.local_runner - INFO - Starting task 1008 (active tasks: 4)
2026-03-22 22:24:43,282 - hal.utils.local_runner - INFO - Completed task 1006
2026-03-22 22:24:43,282 - hal.utils.local_runner - INFO - Starting task 1009 (active tasks: 4)
2026-03-22 22:25:07,218 - hal.utils.local_runner - INFO - Completed task 1008
2026-03-22 22:25:07,218 - hal.utils.local_runner - INFO - Starting task 1010 (active tasks: 4)
2026-03-22 22:25:10,491 - hal.utils.local_runner - INFO - Completed task 1005
2026-03-22 22:25:10,491 - hal.utils.local_runner - INFO - Starting task 1011 (active tasks: 4)
2026-03-22 22:25:33,927 - hal.utils.local_runner - INFO - Completed task 1009
2026-03-22 22:25:33,927 - hal.utils.local_runner - INFO - Starting task 1012 (active tasks: 4)
2026-03-22 22:25:38,259 - hal.utils.local_runner - INFO - Completed task 1007
2026-03-22 22:25:38,259 - hal.utils.local_runner - INFO - Starting task 1013 (active tasks: 4)
2026-03-22 22:26:01,928 - hal.utils.local_runner - INFO - Completed task 1010
2026-03-22 22:26:01,928 - hal.utils.local_runner - INFO - Starting task 1014 (active tasks: 4)
2026-03-22 22:26:11,894 - hal.utils.local_runner - INFO - Completed task 1011
2026-03-22 22:26:11,894 - hal.utils.local_runner - INFO - Starting task 1015 (active tasks: 4)
2026-03-22 22:26:35,500 - hal.utils.local_runner - INFO - Completed task 1012
2026-03-22 22:26:35,501 - hal.utils.local_runner - INFO - Starting task 1016 (active tasks: 4)
2026-03-22 22:26:53,339 - hal.utils.local_runner - INFO - Completed task 1015
2026-03-22 22:26:53,339 - hal.utils.local_runner - INFO - Starting task 1017 (active tasks: 4)
2026-03-22 22:26:55,694 - hal.utils.local_runner - INFO - Completed task 1014
2026-03-22 22:26:55,694 - hal.utils.local_runner - INFO - Starting task 1018 (active tasks: 4)
2026-03-22 22:27:16,668 - hal.utils.local_runner - INFO - Completed task 1016
2026-03-22 22:27:16,668 - hal.utils.local_runner - INFO - Starting task 1019 (active tasks: 4)
2026-03-22 22:27:39,796 - hal.utils.local_runner - INFO - Completed task 1017
2026-03-22 22:27:39,797 - hal.utils.local_runner - INFO - Starting task 1020 (active tasks: 4)
2026-03-22 22:27:41,237 - hal.utils.local_runner - INFO - Completed task 1013
2026-03-22 22:27:41,237 - hal.utils.local_runner - INFO - Starting task 1021 (active tasks: 4)
2026-03-22 22:28:07,064 - hal.utils.local_runner - INFO - Completed task 1018
2026-03-22 22:28:07,064 - hal.utils.local_runner - INFO - Starting task 1022 (active tasks: 4)
2026-03-22 22:28:21,378 - hal.utils.local_runner - INFO - Completed task 1021
2026-03-22 22:28:21,378 - hal.utils.local_runner - INFO - Starting task 1023 (active tasks: 4)
2026-03-22 22:28:22,950 - hal.utils.local_runner - INFO - Completed task 1019
2026-03-22 22:28:22,950 - hal.utils.local_runner - INFO - Starting task 1024 (active tasks: 4)
2026-03-22 22:28:26,492 - hal.utils.local_runner - INFO - Completed task 1020
2026-03-22 22:28:26,493 - hal.utils.local_runner - INFO - Starting task 1025 (active tasks: 4)
2026-03-22 22:29:04,423 - hal.utils.local_runner - INFO - Completed task 1022
2026-03-22 22:29:04,423 - hal.utils.local_runner - INFO - Starting task 1026 (active tasks: 4)
2026-03-22 22:29:34,815 - hal.utils.local_runner - INFO - Completed task 1025
2026-03-22 22:29:34,815 - hal.utils.local_runner - INFO - Starting task 1027 (active tasks: 4)
2026-03-22 22:29:39,537 - hal.utils.local_runner - INFO - Completed task 1026
2026-03-22 22:29:39,537 - hal.utils.local_runner - INFO - Starting task 1028 (active tasks: 4)
2026-03-22 22:29:40,138 - hal.utils.local_runner - INFO - Completed task 1024
2026-03-22 22:29:40,138 - hal.utils.local_runner - INFO - Starting task 1029 (active tasks: 4)
2026-03-22 22:30:12,841 - hal.utils.local_runner - INFO - Completed task 1029
2026-03-22 22:30:12,842 - hal.utils.local_runner - INFO - Starting task 1030 (active tasks: 4)
2026-03-22 22:30:21,304 - hal.utils.local_runner - INFO - Completed task 1027
2026-03-22 22:30:21,304 - hal.utils.local_runner - INFO - Starting task 1031 (active tasks: 4)
2026-03-22 22:30:40,558 - hal.utils.local_runner - INFO - Completed task 1028
2026-03-22 22:30:40,559 - hal.utils.local_runner - INFO - Starting task 1032 (active tasks: 4)
2026-03-22 22:31:14,513 - hal.utils.local_runner - INFO - Completed task 1030
2026-03-22 22:31:14,513 - hal.utils.local_runner - INFO - Starting task 1033 (active tasks: 4)
2026-03-22 22:31:22,452 - hal.utils.local_runner - INFO - Completed task 1031
2026-03-22 22:31:22,452 - hal.utils.local_runner - INFO - Starting task 1034 (active tasks: 4)
2026-03-22 22:31:49,627 - hal.utils.local_runner - INFO - Completed task 1032
2026-03-22 22:31:49,627 - hal.utils.local_runner - INFO - Starting task 1035 (active tasks: 4)
2026-03-22 22:32:10,122 - hal.utils.local_runner - INFO - Completed task 1034
2026-03-22 22:32:10,123 - hal.utils.local_runner - INFO - Starting task 1036 (active tasks: 4)
2026-03-22 22:32:23,508 - hal.utils.local_runner - INFO - Completed task 1033
2026-03-22 22:32:23,509 - hal.utils.local_runner - INFO - Starting task 1037 (active tasks: 4)
2026-03-22 22:33:05,881 - hal.utils.local_runner - INFO - Completed task 1036
2026-03-22 22:33:05,881 - hal.utils.local_runner - INFO - Starting task 1038 (active tasks: 4)
2026-03-22 22:33:25,359 - hal.utils.local_runner - INFO - Completed task 1035
2026-03-22 22:33:25,359 - hal.utils.local_runner - INFO - Starting task 1039 (active tasks: 4)
2026-03-22 22:33:31,716 - hal.utils.local_runner - INFO - Completed task 1037
2026-03-22 22:33:31,716 - hal.utils.local_runner - INFO - Starting task 1040 (active tasks: 4)
2026-03-22 22:33:52,585 - hal.utils.local_runner - INFO - Completed task 1038
2026-03-22 22:33:52,586 - hal.utils.local_runner - INFO - Starting task 1041 (active tasks: 4)
2026-03-22 22:34:04,101 - hal.utils.local_runner - INFO - Completed task 1040
2026-03-22 22:34:04,101 - hal.utils.local_runner - INFO - Starting task 1042 (active tasks: 4)
2026-03-22 22:34:35,119 - hal.utils.local_runner - INFO - Completed task 1023
2026-03-22 22:34:35,119 - hal.utils.local_runner - INFO - Starting task 1043 (active tasks: 4)
2026-03-22 22:34:35,463 - hal.utils.local_runner - INFO - Completed task 1039
2026-03-22 22:34:35,463 - hal.utils.local_runner - INFO - Starting task 1044 (active tasks: 4)
2026-03-22 22:34:51,657 - hal.utils.local_runner - INFO - Completed task 1041
2026-03-22 22:34:51,657 - hal.utils.local_runner - INFO - Starting task 1045 (active tasks: 4)
2026-03-22 22:35:19,441 - hal.utils.local_runner - INFO - Completed task 1043
2026-03-22 22:35:19,441 - hal.utils.local_runner - INFO - Starting task 1046 (active tasks: 4)
2026-03-22 22:36:18,940 - hal.utils.local_runner - INFO - Completed task 1046
2026-03-22 22:36:18,940 - hal.utils.local_runner - INFO - Starting task 1047 (active tasks: 4)
2026-03-22 22:36:32,080 - hal.utils.local_runner - INFO - Completed task 1042
2026-03-22 22:36:32,080 - hal.utils.local_runner - INFO - Starting task 1048 (active tasks: 4)
2026-03-22 22:36:55,266 - hal.utils.local_runner - INFO - Completed task 1044
2026-03-22 22:36:55,266 - hal.utils.local_runner - INFO - Starting task 1049 (active tasks: 4)
2026-03-22 22:37:16,708 - hal.utils.local_runner - INFO - Completed task 1047
2026-03-22 22:37:16,708 - hal.utils.local_runner - INFO - Starting task 1050 (active tasks: 4)
2026-03-22 22:37:36,257 - hal.utils.local_runner - INFO - Completed task 1048
2026-03-22 22:37:36,257 - hal.utils.local_runner - INFO - Starting task 1051 (active tasks: 4)
2026-03-22 22:37:37,787 - hal.utils.local_runner - INFO - Completed task 1049
2026-03-22 22:37:37,788 - hal.utils.local_runner - INFO - Starting task 1052 (active tasks: 4)
2026-03-22 22:38:39,587 - hal.utils.local_runner - INFO - Completed task 1052
2026-03-22 22:38:39,587 - hal.utils.local_runner - INFO - Starting task 1053 (active tasks: 4)
2026-03-22 22:38:46,622 - hal.utils.local_runner - INFO - Completed task 1051
2026-03-22 22:38:46,622 - hal.utils.local_runner - INFO - Starting task 1054 (active tasks: 4)
2026-03-22 22:39:26,236 - hal.utils.local_runner - INFO - Completed task 1053
2026-03-22 22:39:26,236 - hal.utils.local_runner - INFO - Starting task 1055 (active tasks: 4)
2026-03-22 22:39:37,533 - hal.utils.local_runner - INFO - Completed task 1050
2026-03-22 22:39:37,533 - hal.utils.local_runner - INFO - Starting task 1056 (active tasks: 4)
2026-03-22 22:40:04,843 - hal.utils.local_runner - INFO - Completed task 1055
2026-03-22 22:40:04,843 - hal.utils.local_runner - INFO - Starting task 1057 (active tasks: 4)
2026-03-22 22:40:15,248 - hal.utils.local_runner - INFO - Completed task 1056
2026-03-22 22:40:15,248 - hal.utils.local_runner - INFO - Starting task 1058 (active tasks: 4)
2026-03-22 22:40:32,287 - hal.utils.local_runner - INFO - Completed task 1054
2026-03-22 22:40:32,287 - hal.utils.local_runner - INFO - Starting task 1059 (active tasks: 4)
2026-03-22 22:41:04,842 - hal.utils.local_runner - INFO - Completed task 1045
2026-03-22 22:41:04,842 - hal.utils.local_runner - INFO - Starting task 1060 (active tasks: 4)
2026-03-22 22:41:37,073 - hal.utils.local_runner - INFO - Completed task 1058
2026-03-22 22:41:37,074 - hal.utils.local_runner - INFO - Starting task 1061 (active tasks: 4)
2026-03-22 22:41:50,522 - hal.utils.local_runner - INFO - Completed task 1059
2026-03-22 22:41:50,523 - hal.utils.local_runner - INFO - Starting task 1062 (active tasks: 4)
2026-03-22 22:42:23,279 - hal.utils.local_runner - INFO - Completed task 1061
2026-03-22 22:42:23,279 - hal.utils.local_runner - INFO - Starting task 1063 (active tasks: 4)
2026-03-22 22:42:48,254 - hal.utils.local_runner - INFO - Completed task 1062
2026-03-22 22:42:48,254 - hal.utils.local_runner - INFO - Starting task 1064 (active tasks: 4)
2026-03-22 22:43:36,120 - hal.utils.local_runner - INFO - Completed task 1063
2026-03-22 22:43:36,120 - hal.utils.local_runner - INFO - Starting task 1065 (active tasks: 4)
2026-03-22 22:43:36,469 - hal.utils.local_runner - INFO - Completed task 1057
2026-03-22 22:43:36,469 - hal.utils.local_runner - INFO - Starting task 1066 (active tasks: 4)
2026-03-22 22:43:37,036 - hal.utils.local_runner - INFO - Completed task 1064
2026-03-22 22:43:37,036 - hal.utils.local_runner - INFO - Starting task 1067 (active tasks: 4)
2026-03-22 22:44:27,240 - hal.utils.local_runner - INFO - Completed task 1067
2026-03-22 22:44:27,240 - hal.utils.local_runner - INFO - Starting task 1068 (active tasks: 4)
2026-03-22 22:44:40,374 - hal.utils.local_runner - INFO - Completed task 1065
2026-03-22 22:44:40,374 - hal.utils.local_runner - INFO - Starting task 1069 (active tasks: 4)
2026-03-22 22:45:05,251 - hal.utils.local_runner - INFO - Completed task 1069
2026-03-22 22:45:05,252 - hal.utils.local_runner - INFO - Starting task 1070 (active tasks: 4)
2026-03-22 22:45:53,696 - hal.utils.local_runner - INFO - Completed task 1066
2026-03-22 22:45:53,696 - hal.utils.local_runner - INFO - Starting task 1071 (active tasks: 4)
2026-03-22 22:46:34,561 - hal.utils.local_runner - INFO - Completed task 1068
2026-03-22 22:46:34,561 - hal.utils.local_runner - INFO - Starting task 1072 (active tasks: 4)
2026-03-22 22:46:40,116 - hal.utils.local_runner - INFO - Completed task 1060
2026-03-22 22:46:40,116 - hal.utils.local_runner - INFO - Starting task 1073 (active tasks: 4)
2026-03-22 22:47:11,770 - hal.utils.local_runner - INFO - Completed task 1073
2026-03-22 22:47:11,770 - hal.utils.local_runner - INFO - Starting task 1074 (active tasks: 4)
2026-03-22 22:47:26,297 - hal.utils.local_runner - INFO - Completed task 1072
2026-03-22 22:47:26,297 - hal.utils.local_runner - INFO - Starting task 1075 (active tasks: 4)
2026-03-22 22:47:54,673 - hal.utils.local_runner - INFO - Completed task 1074
2026-03-22 22:47:54,673 - hal.utils.local_runner - INFO - Starting task 1076 (active tasks: 4)
2026-03-22 22:48:25,582 - hal.utils.local_runner - INFO - Completed task 1075
2026-03-22 22:48:25,582 - hal.utils.local_runner - INFO - Starting task 1077 (active tasks: 4)
2026-03-22 22:48:26,348 - hal.utils.local_runner - INFO - Completed task 1070
2026-03-22 22:48:26,348 - hal.utils.local_runner - INFO - Starting task 1078 (active tasks: 4)
2026-03-22 22:48:37,814 - hal.utils.local_runner - INFO - Completed task 1076
2026-03-22 22:48:37,815 - hal.utils.local_runner - INFO - Starting task 1079 (active tasks: 4)
2026-03-22 22:49:14,017 - hal.utils.local_runner - INFO - Completed task 1079
2026-03-22 22:49:14,017 - hal.utils.local_runner - INFO - Starting task 1080 (active tasks: 4)
2026-03-22 22:49:28,353 - hal.utils.local_runner - INFO - Completed task 1078
2026-03-22 22:49:28,353 - hal.utils.local_runner - INFO - Starting task 1081 (active tasks: 4)
2026-03-22 22:49:38,276 - hal.utils.local_runner - INFO - Completed task 1071
2026-03-22 22:49:38,276 - hal.utils.local_runner - INFO - Starting task 1082 (active tasks: 4)
2026-03-22 22:49:51,753 - hal.utils.local_runner - INFO - Completed task 1077
2026-03-22 22:49:51,753 - hal.utils.local_runner - INFO - Starting task 1083 (active tasks: 4)
2026-03-22 22:50:12,427 - hal.utils.local_runner - INFO - Completed task 1081
2026-03-22 22:50:12,427 - hal.utils.local_runner - INFO - Starting task 1084 (active tasks: 4)
2026-03-22 22:50:19,694 - hal.utils.local_runner - INFO - Completed task 1082
2026-03-22 22:50:19,694 - hal.utils.local_runner - INFO - Starting task 1085 (active tasks: 4)
2026-03-22 22:50:33,461 - hal.utils.local_runner - INFO - Completed task 1083
2026-03-22 22:50:33,461 - hal.utils.local_runner - INFO - Starting task 1086 (active tasks: 4)
2026-03-22 22:51:12,863 - hal.utils.local_runner - INFO - Completed task 1085
2026-03-22 22:51:12,863 - hal.utils.local_runner - INFO - Starting task 1087 (active tasks: 4)
2026-03-22 22:51:17,420 - hal.utils.local_runner - INFO - Completed task 1080
2026-03-22 22:51:17,420 - hal.utils.local_runner - INFO - Starting task 1088 (active tasks: 4)
2026-03-22 22:51:27,808 - hal.utils.local_runner - INFO - Completed task 1084
2026-03-22 22:51:27,808 - hal.utils.local_runner - INFO - Starting task 1089 (active tasks: 4)
2026-03-22 22:51:42,450 - hal.utils.local_runner - INFO - Completed task 1086
2026-03-22 22:51:42,450 - hal.utils.local_runner - INFO - Starting task 1090 (active tasks: 4)
2026-03-22 22:52:09,114 - hal.utils.local_runner - INFO - Completed task 1087
2026-03-22 22:52:09,115 - hal.utils.local_runner - INFO - Starting task 1091 (active tasks: 4)
2026-03-22 22:52:27,427 - hal.utils.local_runner - INFO - Completed task 1088
2026-03-22 22:52:27,427 - hal.utils.local_runner - INFO - Starting task 1092 (active tasks: 4)
2026-03-22 22:52:43,451 - hal.utils.local_runner - INFO - Completed task 1090
2026-03-22 22:52:43,451 - hal.utils.local_runner - INFO - Starting task 1093 (active tasks: 4)
2026-03-22 22:52:49,120 - hal.utils.local_runner - INFO - Completed task 1089
2026-03-22 22:52:49,120 - hal.utils.local_runner - INFO - Starting task 1094 (active tasks: 4)
2026-03-22 22:52:49,253 - hal.utils.local_runner - INFO - Completed task 1091
2026-03-22 22:52:49,253 - hal.utils.local_runner - INFO - Starting task 1095 (active tasks: 4)
2026-03-22 22:53:09,455 - hal.utils.local_runner - INFO - Completed task 1092
2026-03-22 22:53:09,455 - hal.utils.local_runner - INFO - Starting task 1096 (active tasks: 4)
2026-03-22 22:53:28,379 - hal.utils.local_runner - INFO - Completed task 1095
2026-03-22 22:53:28,379 - hal.utils.local_runner - INFO - Starting task 1097 (active tasks: 4)
2026-03-22 22:53:36,533 - hal.utils.local_runner - INFO - Completed task 1094
2026-03-22 22:53:36,533 - hal.utils.local_runner - INFO - Starting task 1098 (active tasks: 4)
2026-03-22 22:53:37,739 - hal.utils.local_runner - INFO - Completed task 1093
2026-03-22 22:53:37,739 - hal.utils.local_runner - INFO - Starting task 1099 (active tasks: 4)
2026-03-22 22:53:47,931 - hal.utils.local_runner - INFO - Completed task 1096
2026-03-22 22:53:47,931 - hal.utils.local_runner - INFO - Starting task 1100 (active tasks: 4)
2026-03-22 22:54:06,594 - hal.utils.local_runner - INFO - Completed task 1098
2026-03-22 22:54:06,595 - hal.utils.local_runner - INFO - Starting task 1101 (active tasks: 4)
2026-03-22 22:54:22,768 - hal.utils.local_runner - INFO - Completed task 1097
2026-03-22 22:54:22,768 - hal.utils.local_runner - INFO - Starting task 1102 (active tasks: 4)
2026-03-22 22:54:42,608 - hal.utils.local_runner - INFO - Completed task 1099
2026-03-22 22:54:42,608 - hal.utils.local_runner - INFO - Starting task 1103 (active tasks: 4)
2026-03-22 22:54:45,602 - hal.utils.local_runner - INFO - Completed task 1101
2026-03-22 22:54:45,602 - hal.utils.local_runner - INFO - Starting task 1104 (active tasks: 4)
2026-03-22 22:55:09,946 - hal.utils.local_runner - INFO - Completed task 1100
2026-03-22 22:55:09,946 - hal.utils.local_runner - INFO - Starting task 1105 (active tasks: 4)
2026-03-22 22:55:22,245 - hal.utils.local_runner - INFO - Completed task 1104
2026-03-22 22:55:22,245 - hal.utils.local_runner - INFO - Starting task 1106 (active tasks: 4)
2026-03-22 22:55:29,684 - hal.utils.local_runner - INFO - Completed task 1103
2026-03-22 22:55:29,684 - hal.utils.local_runner - INFO - Starting task 1107 (active tasks: 4)
2026-03-22 22:55:58,054 - hal.utils.local_runner - INFO - Completed task 1106
2026-03-22 22:55:58,054 - hal.utils.local_runner - INFO - Starting task 1108 (active tasks: 4)
2026-03-22 22:55:58,718 - hal.utils.local_runner - INFO - Completed task 1105
2026-03-22 22:55:58,718 - hal.utils.local_runner - INFO - Starting task 1109 (active tasks: 4)
2026-03-22 22:56:04,340 - hal.utils.local_runner - INFO - Completed task 1107
2026-03-22 22:56:04,340 - hal.utils.local_runner - INFO - Starting task 1110 (active tasks: 4)
2026-03-22 22:56:16,859 - hal.utils.local_runner - INFO - Completed task 1102
2026-03-22 22:56:16,859 - hal.utils.local_runner - INFO - Starting task 1111 (active tasks: 4)
2026-03-22 22:56:47,597 - hal.utils.local_runner - INFO - Completed task 1110
2026-03-22 22:56:47,597 - hal.utils.local_runner - INFO - Starting task 1112 (active tasks: 4)
2026-03-22 22:56:49,632 - hal.utils.local_runner - INFO - Completed task 1109
2026-03-22 22:56:49,632 - hal.utils.local_runner - INFO - Starting task 1113 (active tasks: 4)
2026-03-22 22:56:53,983 - hal.utils.local_runner - INFO - Completed task 1111
2026-03-22 22:56:53,983 - hal.utils.local_runner - INFO - Starting task 1114 (active tasks: 4)
2026-03-22 22:57:04,779 - hal.utils.local_runner - INFO - Completed task 1108
2026-03-22 22:57:04,779 - hal.utils.local_runner - INFO - Starting task 1115 (active tasks: 4)
2026-03-22 22:57:22,881 - hal.utils.local_runner - INFO - Completed task 1112
2026-03-22 22:57:22,881 - hal.utils.local_runner - INFO - Starting task 1116 (active tasks: 4)
2026-03-22 22:57:40,931 - hal.utils.local_runner - INFO - Completed task 1115
2026-03-22 22:57:40,932 - hal.utils.local_runner - INFO - Starting task 1117 (active tasks: 4)
2026-03-22 22:58:01,119 - hal.utils.local_runner - INFO - Completed task 1114
2026-03-22 22:58:01,119 - hal.utils.local_runner - INFO - Starting task 1118 (active tasks: 4)
2026-03-22 22:58:08,992 - hal.utils.local_runner - INFO - Completed task 1116
2026-03-22 22:58:08,992 - hal.utils.local_runner - INFO - Starting task 1119 (active tasks: 4)
2026-03-22 22:58:15,580 - hal.utils.local_runner - INFO - Completed task 1113
2026-03-22 22:58:15,580 - hal.utils.local_runner - INFO - Starting task 1120 (active tasks: 4)
2026-03-22 22:58:38,956 - hal.utils.local_runner - INFO - Completed task 1117
2026-03-22 22:58:38,956 - hal.utils.local_runner - INFO - Starting task 1121 (active tasks: 4)
2026-03-22 22:58:39,868 - hal.utils.local_runner - INFO - Completed task 1118
2026-03-22 22:58:39,869 - hal.utils.local_runner - INFO - Starting task 1122 (active tasks: 4)
2026-03-22 22:59:01,444 - hal.utils.local_runner - INFO - Completed task 1119
2026-03-22 22:59:01,445 - hal.utils.local_runner - INFO - Completed task 1120
2026-03-22 22:59:01,445 - hal.utils.local_runner - INFO - Starting task 1123 (active tasks: 4)
2026-03-22 22:59:01,452 - hal.utils.local_runner - INFO - Starting task 1124 (active tasks: 4)
2026-03-22 22:59:26,500 - hal.utils.local_runner - INFO - Completed task 1121
2026-03-22 22:59:26,500 - hal.utils.local_runner - INFO - Starting task 1125 (active tasks: 4)
2026-03-22 22:59:44,168 - hal.utils.local_runner - INFO - Completed task 1122
2026-03-22 22:59:44,169 - hal.utils.local_runner - INFO - Starting task 1126 (active tasks: 4)
2026-03-22 22:59:45,859 - hal.utils.local_runner - INFO - Completed task 1124
2026-03-22 22:59:45,859 - hal.utils.local_runner - INFO - Starting task 1127 (active tasks: 4)
2026-03-22 22:59:54,912 - hal.utils.local_runner - INFO - Completed task 1123
2026-03-22 22:59:54,912 - hal.utils.local_runner - INFO - Starting task 1128 (active tasks: 4)
2026-03-22 23:00:23,584 - hal.utils.local_runner - INFO - Completed task 1127
2026-03-22 23:00:23,584 - hal.utils.local_runner - INFO - Starting task 1129 (active tasks: 4)
2026-03-22 23:00:27,302 - hal.utils.local_runner - INFO - Completed task 1126
2026-03-22 23:00:27,302 - hal.utils.local_runner - INFO - Starting task 1130 (active tasks: 4)
2026-03-22 23:01:11,245 - hal.utils.local_runner - INFO - Completed task 1128
2026-03-22 23:01:11,245 - hal.utils.local_runner - INFO - Starting task 1131 (active tasks: 4)
2026-03-22 23:01:15,896 - hal.utils.local_runner - INFO - Completed task 1129
2026-03-22 23:01:15,896 - hal.utils.local_runner - INFO - Starting task 1132 (active tasks: 4)
2026-03-22 23:01:52,054 - hal.utils.local_runner - INFO - Completed task 1131
2026-03-22 23:01:52,054 - hal.utils.local_runner - INFO - Starting task 1133 (active tasks: 4)
2026-03-22 23:01:53,585 - hal.utils.local_runner - INFO - Completed task 1132
2026-03-22 23:01:53,585 - hal.utils.local_runner - INFO - Starting task 1134 (active tasks: 4)
2026-03-22 23:01:57,678 - hal.utils.local_runner - INFO - Completed task 1130
2026-03-22 23:01:57,678 - hal.utils.local_runner - INFO - Starting task 1135 (active tasks: 4)
2026-03-22 23:02:24,762 - hal.utils.local_runner - INFO - Completed task 1134
2026-03-22 23:02:24,763 - hal.utils.local_runner - INFO - Starting task 1136 (active tasks: 4)
2026-03-22 23:03:04,361 - hal.utils.local_runner - INFO - Completed task 1135
2026-03-22 23:03:04,361 - hal.utils.local_runner - INFO - Starting task 1137 (active tasks: 4)
2026-03-22 23:03:50,586 - hal.utils.local_runner - INFO - Completed task 1137
2026-03-22 23:03:50,586 - hal.utils.local_runner - INFO - Starting task 1138 (active tasks: 4)
2026-03-22 23:04:02,723 - hal.utils.local_runner - INFO - Completed task 1133
2026-03-22 23:04:02,723 - hal.utils.local_runner - INFO - Starting task 1139 (active tasks: 4)
2026-03-22 23:04:41,664 - hal.utils.local_runner - INFO - Completed task 1138
2026-03-22 23:04:41,664 - hal.utils.local_runner - INFO - Starting task 1140 (active tasks: 4)
2026-03-22 23:04:51,156 - hal.utils.local_runner - INFO - Completed task 1139
2026-03-22 23:04:51,156 - hal.utils.local_runner - INFO - Starting task 1141 (active tasks: 4)
2026-03-22 23:05:25,016 - hal.utils.local_runner - INFO - Completed task 1140
2026-03-22 23:05:25,017 - hal.utils.local_runner - INFO - Starting task 1142 (active tasks: 4)
2026-03-22 23:05:40,167 - hal.utils.local_runner - INFO - Completed task 1141
2026-03-22 23:05:40,168 - hal.utils.local_runner - INFO - Starting task 1143 (active tasks: 4)
2026-03-22 23:05:50,448 - hal.utils.local_runner - INFO - Completed task 1136
2026-03-22 23:05:50,448 - hal.utils.local_runner - INFO - Starting task 1144 (active tasks: 4)
2026-03-22 23:06:25,135 - hal.utils.local_runner - INFO - Completed task 1144
2026-03-22 23:06:25,135 - hal.utils.local_runner - INFO - Starting task 1145 (active tasks: 4)
2026-03-22 23:06:57,010 - hal.utils.local_runner - INFO - Completed task 1142
2026-03-22 23:06:57,010 - hal.utils.local_runner - INFO - Starting task 1146 (active tasks: 4)
2026-03-22 23:06:59,583 - hal.utils.local_runner - INFO - Completed task 1145
2026-03-22 23:06:59,583 - hal.utils.local_runner - INFO - Starting task 1147 (active tasks: 4)
2026-03-22 23:07:53,621 - hal.utils.local_runner - INFO - Completed task 1147
2026-03-22 23:07:53,621 - hal.utils.local_runner - INFO - Starting task 1148 (active tasks: 4)
2026-03-22 23:08:03,610 - hal.utils.local_runner - INFO - Completed task 1146
2026-03-22 23:08:03,610 - hal.utils.local_runner - INFO - Starting task 1149 (active tasks: 4)
2026-03-22 23:08:22,762 - hal.utils.local_runner - INFO - Completed task 1148
2026-03-22 23:08:22,762 - hal.utils.local_runner - INFO - Starting task 1150 (active tasks: 4)
2026-03-22 23:08:48,879 - hal.utils.local_runner - INFO - Completed task 1125
2026-03-22 23:08:48,879 - hal.utils.local_runner - INFO - Starting task 1151 (active tasks: 4)
2026-03-22 23:09:03,521 - hal.utils.local_runner - INFO - Completed task 1150
2026-03-22 23:09:03,521 - hal.utils.local_runner - INFO - Starting task 1152 (active tasks: 4)
2026-03-22 23:09:34,918 - hal.utils.local_runner - INFO - Completed task 1149
2026-03-22 23:09:34,918 - hal.utils.local_runner - INFO - Starting task 1153 (active tasks: 4)
2026-03-22 23:09:37,292 - hal.utils.local_runner - INFO - Completed task 1151
2026-03-22 23:09:37,292 - hal.utils.local_runner - INFO - Starting task 1154 (active tasks: 4)
2026-03-22 23:09:43,810 - hal.utils.local_runner - INFO - Completed task 1143
2026-03-22 23:09:43,810 - hal.utils.local_runner - INFO - Starting task 1155 (active tasks: 4)
2026-03-22 23:10:14,567 - hal.utils.local_runner - INFO - Completed task 1153
2026-03-22 23:10:14,567 - hal.utils.local_runner - INFO - Starting task 1156 (active tasks: 4)
2026-03-22 23:10:43,964 - hal.utils.local_runner - INFO - Completed task 1154
2026-03-22 23:10:43,964 - hal.utils.local_runner - INFO - Starting task 1157 (active tasks: 4)
2026-03-22 23:10:46,496 - hal.utils.local_runner - INFO - Completed task 1152
2026-03-22 23:10:46,497 - hal.utils.local_runner - INFO - Starting task 1158 (active tasks: 4)
2026-03-22 23:11:04,949 - hal.utils.local_runner - INFO - Completed task 1155
2026-03-22 23:11:04,949 - hal.utils.local_runner - INFO - Starting task 1159 (active tasks: 4)
2026-03-22 23:11:28,971 - hal.utils.local_runner - INFO - Completed task 1156
2026-03-22 23:11:28,972 - hal.utils.local_runner - INFO - Starting task 1160 (active tasks: 4)
2026-03-22 23:11:34,775 - hal.utils.local_runner - INFO - Completed task 1157
2026-03-22 23:11:34,775 - hal.utils.local_runner - INFO - Starting task 1161 (active tasks: 4)
2026-03-22 23:11:40,744 - hal.utils.local_runner - INFO - Completed task 1159
2026-03-22 23:11:40,744 - hal.utils.local_runner - INFO - Starting task 1162 (active tasks: 4)
2026-03-22 23:11:42,051 - hal.utils.local_runner - INFO - Completed task 1158
2026-03-22 23:11:42,052 - hal.utils.local_runner - INFO - Starting task 1163 (active tasks: 4)
2026-03-22 23:12:03,831 - hal.utils.local_runner - INFO - Completed task 1160
2026-03-22 23:12:03,831 - hal.utils.local_runner - INFO - Starting task 1164 (active tasks: 4)
2026-03-22 23:12:19,505 - hal.utils.local_runner - INFO - Completed task 1161
2026-03-22 23:12:19,505 - hal.utils.local_runner - INFO - Starting task 1165 (active tasks: 4)
2026-03-22 23:12:31,818 - hal.utils.local_runner - INFO - Completed task 1162
2026-03-22 23:12:31,819 - hal.utils.local_runner - INFO - Starting task 1166 (active tasks: 4)
2026-03-22 23:13:08,506 - hal.utils.local_runner - INFO - Completed task 1166
2026-03-22 23:13:08,506 - hal.utils.local_runner - INFO - Starting task 1167 (active tasks: 4)
2026-03-22 23:13:15,884 - hal.utils.local_runner - INFO - Completed task 1164
2026-03-22 23:13:15,884 - hal.utils.local_runner - INFO - Starting task 1168 (active tasks: 4)
2026-03-22 23:13:23,064 - hal.utils.local_runner - INFO - Completed task 1163
2026-03-22 23:13:23,064 - hal.utils.local_runner - INFO - Starting task 1169 (active tasks: 4)
2026-03-22 23:13:55,251 - hal.utils.local_runner - INFO - Completed task 1167
2026-03-22 23:13:55,251 - hal.utils.local_runner - INFO - Starting task 1170 (active tasks: 4)
2026-03-22 23:14:10,162 - hal.utils.local_runner - INFO - Completed task 1169
2026-03-22 23:14:10,162 - hal.utils.local_runner - INFO - Starting task 1171 (active tasks: 4)
2026-03-22 23:14:11,636 - hal.utils.local_runner - INFO - Completed task 1168
2026-03-22 23:14:11,636 - hal.utils.local_runner - INFO - Starting task 1172 (active tasks: 4)
2026-03-22 23:15:00,826 - hal.utils.local_runner - INFO - Completed task 1171
2026-03-22 23:15:00,826 - hal.utils.local_runner - INFO - Starting task 1173 (active tasks: 4)
2026-03-22 23:15:39,164 - hal.utils.local_runner - INFO - Completed task 1173
2026-03-22 23:15:39,164 - hal.utils.local_runner - INFO - Starting task 1174 (active tasks: 4)
2026-03-22 23:15:49,298 - hal.utils.local_runner - INFO - Completed task 1172
2026-03-22 23:15:49,298 - hal.utils.local_runner - INFO - Starting task 1175 (active tasks: 4)
2026-03-22 23:16:10,120 - hal.utils.local_runner - INFO - Completed task 1165
2026-03-22 23:16:10,120 - hal.utils.local_runner - INFO - Starting task 1176 (active tasks: 4)
2026-03-22 23:16:23,606 - hal.utils.local_runner - INFO - Completed task 1175
2026-03-22 23:16:23,606 - hal.utils.local_runner - INFO - Starting task 1177 (active tasks: 4)
2026-03-22 23:16:35,349 - hal.utils.local_runner - INFO - Completed task 1174
2026-03-22 23:16:35,349 - hal.utils.local_runner - INFO - Starting task 1178 (active tasks: 4)
2026-03-22 23:17:06,571 - hal.utils.local_runner - INFO - Completed task 1176
2026-03-22 23:17:06,571 - hal.utils.local_runner - INFO - Starting task 1179 (active tasks: 4)
2026-03-22 23:17:37,624 - hal.utils.local_runner - INFO - Completed task 1178
2026-03-22 23:17:37,624 - hal.utils.local_runner - INFO - Starting task 1180 (active tasks: 4)
2026-03-22 23:18:07,294 - hal.utils.local_runner - INFO - Completed task 1179
2026-03-22 23:18:07,294 - hal.utils.local_runner - INFO - Starting task 1181 (active tasks: 4)
2026-03-22 23:18:38,351 - hal.utils.local_runner - INFO - Completed task 1177
2026-03-22 23:18:38,351 - hal.utils.local_runner - INFO - Starting task 1182 (active tasks: 4)
2026-03-22 23:18:56,875 - hal.utils.local_runner - INFO - Completed task 1180
2026-03-22 23:18:56,876 - hal.utils.local_runner - INFO - Starting task 1183 (active tasks: 4)
2026-03-22 23:19:01,897 - hal.utils.local_runner - INFO - Completed task 1181
2026-03-22 23:19:01,898 - hal.utils.local_runner - INFO - Starting task 1184 (active tasks: 4)
2026-03-22 23:19:47,067 - hal.utils.local_runner - INFO - Completed task 1184
2026-03-22 23:19:47,067 - hal.utils.local_runner - INFO - Starting task 1185 (active tasks: 4)
2026-03-22 23:19:52,275 - hal.utils.local_runner - INFO - Completed task 1183
2026-03-22 23:19:52,275 - hal.utils.local_runner - INFO - Starting task 1186 (active tasks: 4)
2026-03-22 23:20:21,441 - hal.utils.local_runner - INFO - Completed task 1185
2026-03-22 23:20:21,441 - hal.utils.local_runner - INFO - Starting task 1187 (active tasks: 4)
2026-03-22 23:20:33,507 - hal.utils.local_runner - INFO - Completed task 1186
2026-03-22 23:20:33,508 - hal.utils.local_runner - INFO - Starting task 1188 (active tasks: 4)
2026-03-22 23:21:04,425 - hal.utils.local_runner - INFO - Completed task 1188
2026-03-22 23:21:04,425 - hal.utils.local_runner - INFO - Starting task 1189 (active tasks: 4)
2026-03-22 23:21:08,645 - hal.utils.local_runner - INFO - Completed task 1187
2026-03-22 23:21:08,645 - hal.utils.local_runner - INFO - Starting task 1190 (active tasks: 4)
2026-03-22 23:21:48,588 - hal.utils.local_runner - INFO - Completed task 1190
2026-03-22 23:21:48,588 - hal.utils.local_runner - INFO - Starting task 1191 (active tasks: 4)
2026-03-22 23:21:53,909 - hal.utils.local_runner - INFO - Completed task 1189
2026-03-22 23:21:53,909 - hal.utils.local_runner - INFO - Starting task 1192 (active tasks: 4)
2026-03-22 23:22:44,190 - hal.utils.local_runner - INFO - Completed task 1192
2026-03-22 23:22:44,191 - hal.utils.local_runner - INFO - Starting task 1193 (active tasks: 4)
2026-03-22 23:23:50,283 - hal.utils.local_runner - INFO - Completed task 1191
2026-03-22 23:23:50,283 - hal.utils.local_runner - INFO - Starting task 1194 (active tasks: 4)
2026-03-22 23:23:55,306 - hal.utils.local_runner - WARNING - Task 1170 failed with transient error (attempt 1/3), retrying in 5.0s...
2026-03-22 23:23:59,828 - hal.utils.local_runner - INFO - Completed task 1193
2026-03-22 23:23:59,828 - hal.utils.local_runner - INFO - Starting task 1195 (active tasks: 4)
2026-03-22 23:24:36,615 - hal.utils.local_runner - INFO - Completed task 1195
2026-03-22 23:24:36,615 - hal.utils.local_runner - INFO - Starting task 1196 (active tasks: 4)
2026-03-22 23:24:48,612 - hal.utils.local_runner - INFO - Completed task 1170
2026-03-22 23:24:48,612 - hal.utils.local_runner - INFO - Starting task 1197 (active tasks: 4)
2026-03-22 23:24:53,047 - hal.utils.local_runner - INFO - Completed task 1182
2026-03-22 23:24:53,047 - hal.utils.local_runner - INFO - Starting task 1198 (active tasks: 4)
2026-03-22 23:25:13,401 - hal.utils.local_runner - INFO - Completed task 1196
2026-03-22 23:25:13,401 - hal.utils.local_runner - INFO - Starting task 1199 (active tasks: 4)
2026-03-22 23:25:25,290 - hal.utils.local_runner - INFO - Completed task 1197
2026-03-22 23:25:25,290 - hal.utils.local_runner - INFO - Starting task 1200 (active tasks: 4)
2026-03-22 23:25:30,239 - hal.utils.local_runner - INFO - Completed task 1198
2026-03-22 23:25:30,239 - hal.utils.local_runner - INFO - Starting task 1201 (active tasks: 4)
2026-03-22 23:25:54,573 - hal.utils.local_runner - INFO - Completed task 1201
2026-03-22 23:25:54,573 - hal.utils.local_runner - INFO - Starting task 1202 (active tasks: 4)
2026-03-22 23:26:00,134 - hal.utils.local_runner - INFO - Completed task 1200
2026-03-22 23:26:00,134 - hal.utils.local_runner - INFO - Starting task 1203 (active tasks: 4)
2026-03-22 23:26:14,136 - hal.utils.local_runner - INFO - Completed task 1199
2026-03-22 23:26:14,136 - hal.utils.local_runner - INFO - Starting task 1204 (active tasks: 4)
2026-03-22 23:26:36,724 - hal.utils.local_runner - INFO - Completed task 1202
2026-03-22 23:26:36,724 - hal.utils.local_runner - INFO - Starting task 1205 (active tasks: 4)
2026-03-22 23:26:42,305 - hal.utils.local_runner - INFO - Completed task 1204
2026-03-22 23:26:42,305 - hal.utils.local_runner - INFO - Starting task 1206 (active tasks: 4)
2026-03-22 23:27:29,368 - hal.utils.local_runner - INFO - Completed task 1206
2026-03-22 23:27:29,368 - hal.utils.local_runner - INFO - Starting task 1207 (active tasks: 4)
2026-03-22 23:27:37,827 - hal.utils.local_runner - INFO - Completed task 1203
2026-03-22 23:27:37,827 - hal.utils.local_runner - INFO - Starting task 1208 (active tasks: 4)
2026-03-22 23:28:02,133 - hal.utils.local_runner - INFO - Completed task 1207
2026-03-22 23:28:02,133 - hal.utils.local_runner - INFO - Starting task 1209 (active tasks: 4)
2026-03-22 23:28:28,031 - hal.utils.local_runner - INFO - Completed task 1205
2026-03-22 23:28:28,031 - hal.utils.local_runner - INFO - Starting task 1210 (active tasks: 4)
2026-03-22 23:28:35,525 - hal.utils.local_runner - INFO - Completed task 1208
2026-03-22 23:28:35,525 - hal.utils.local_runner - INFO - Starting task 1211 (active tasks: 4)
2026-03-22 23:28:51,207 - hal.utils.local_runner - INFO - Completed task 1209
2026-03-22 23:28:51,207 - hal.utils.local_runner - INFO - Starting task 1212 (active tasks: 4)
2026-03-22 23:29:08,046 - hal.utils.local_runner - INFO - Completed task 1210
2026-03-22 23:29:08,047 - hal.utils.local_runner - INFO - Starting task 1213 (active tasks: 4)
2026-03-22 23:29:54,070 - hal.utils.local_runner - INFO - Completed task 1213
2026-03-22 23:29:54,070 - hal.utils.local_runner - INFO - Starting task 1214 (active tasks: 4)
2026-03-22 23:29:58,399 - hal.utils.local_runner - INFO - Completed task 1211
2026-03-22 23:29:58,399 - hal.utils.local_runner - INFO - Starting task 1215 (active tasks: 4)
2026-03-22 23:30:03,743 - hal.utils.local_runner - INFO - Completed task 1194
2026-03-22 23:30:03,743 - hal.utils.local_runner - INFO - Starting task 1216 (active tasks: 4)
2026-03-22 23:30:52,630 - hal.utils.local_runner - INFO - Completed task 1216
2026-03-22 23:30:52,630 - hal.utils.local_runner - INFO - Starting task 1217 (active tasks: 4)
2026-03-22 23:30:55,499 - hal.utils.local_runner - INFO - Completed task 1214
2026-03-22 23:30:55,499 - hal.utils.local_runner - INFO - Starting task 1218 (active tasks: 4)
2026-03-22 23:31:41,279 - hal.utils.local_runner - INFO - Completed task 1218
2026-03-22 23:31:41,280 - hal.utils.local_runner - INFO - Starting task 1219 (active tasks: 4)
2026-03-22 23:31:48,100 - hal.utils.local_runner - INFO - Completed task 1217
2026-03-22 23:31:48,100 - hal.utils.local_runner - INFO - Starting task 1220 (active tasks: 4)
2026-03-22 23:32:10,682 - hal.utils.local_runner - INFO - Completed task 1219
2026-03-22 23:32:10,682 - hal.utils.local_runner - INFO - Starting task 1221 (active tasks: 4)
2026-03-22 23:32:48,503 - hal.utils.local_runner - INFO - Completed task 1221
2026-03-22 23:32:48,503 - hal.utils.local_runner - INFO - Starting task 1222 (active tasks: 4)
2026-03-22 23:33:19,698 - hal.utils.local_runner - INFO - Completed task 1220
2026-03-22 23:33:19,698 - hal.utils.local_runner - INFO - Starting task 1223 (active tasks: 4)
2026-03-22 23:33:44,321 - hal.utils.local_runner - INFO - Completed task 1222
2026-03-22 23:33:44,321 - hal.utils.local_runner - INFO - Starting task 1224 (active tasks: 4)
2026-03-22 23:34:40,245 - hal.utils.local_runner - INFO - Completed task 1224
2026-03-22 23:34:40,245 - hal.utils.local_runner - INFO - Starting task 1225 (active tasks: 4)
2026-03-22 23:34:52,534 - hal.utils.local_runner - INFO - Completed task 1223
2026-03-22 23:34:52,534 - hal.utils.local_runner - INFO - Starting task 1226 (active tasks: 4)
2026-03-22 23:35:05,266 - hal.utils.local_runner - INFO - Completed task 1212
2026-03-22 23:35:05,266 - hal.utils.local_runner - INFO - Starting task 1227 (active tasks: 4)
2026-03-22 23:35:26,059 - hal.utils.local_runner - INFO - Completed task 1226
2026-03-22 23:35:26,059 - hal.utils.local_runner - INFO - Starting task 1228 (active tasks: 4)
2026-03-22 23:35:31,563 - hal.utils.local_runner - INFO - Completed task 1225
2026-03-22 23:35:31,563 - hal.utils.local_runner - INFO - Starting task 1229 (active tasks: 4)
2026-03-22 23:36:03,111 - hal.utils.local_runner - INFO - Completed task 1228
2026-03-22 23:36:03,111 - hal.utils.local_runner - INFO - Starting task 1230 (active tasks: 4)
2026-03-22 23:36:04,477 - hal.utils.local_runner - INFO - Completed task 1227
2026-03-22 23:36:04,478 - hal.utils.local_runner - INFO - Starting task 1231 (active tasks: 4)
2026-03-22 23:36:11,775 - hal.utils.local_runner - INFO - Completed task 1215
2026-03-22 23:36:11,775 - hal.utils.local_runner - INFO - Starting task 1232 (active tasks: 4)
2026-03-22 23:36:36,860 - hal.utils.local_runner - INFO - Completed task 1231
2026-03-22 23:36:36,860 - hal.utils.local_runner - INFO - Starting task 1233 (active tasks: 4)
2026-03-22 23:36:40,690 - hal.utils.local_runner - INFO - Completed task 1230
2026-03-22 23:36:40,690 - hal.utils.local_runner - INFO - Starting task 1234 (active tasks: 4)
2026-03-22 23:37:01,446 - hal.utils.local_runner - INFO - Completed task 1232
2026-03-22 23:37:01,446 - hal.utils.local_runner - INFO - Starting task 1235 (active tasks: 4)
2026-03-22 23:37:15,923 - hal.utils.local_runner - INFO - Completed task 1229
2026-03-22 23:37:15,923 - hal.utils.local_runner - INFO - Starting task 1236 (active tasks: 4)
2026-03-22 23:37:22,442 - hal.utils.local_runner - INFO - Completed task 1233
2026-03-22 23:37:22,442 - hal.utils.local_runner - INFO - Starting task 1237 (active tasks: 4)
2026-03-22 23:37:57,663 - hal.utils.local_runner - INFO - Completed task 1237
2026-03-22 23:37:57,663 - hal.utils.local_runner - INFO - Starting task 1238 (active tasks: 4)
2026-03-22 23:38:19,657 - hal.utils.local_runner - INFO - Completed task 1235
2026-03-22 23:38:19,657 - hal.utils.local_runner - INFO - Starting task 1239 (active tasks: 4)
2026-03-22 23:38:21,733 - hal.utils.local_runner - INFO - Completed task 1234
2026-03-22 23:38:21,734 - hal.utils.local_runner - INFO - Starting task 1240 (active tasks: 4)
2026-03-22 23:38:35,337 - hal.utils.local_runner - INFO - Completed task 1238
2026-03-22 23:38:35,337 - hal.utils.local_runner - INFO - Starting task 1241 (active tasks: 4)
2026-03-22 23:38:59,430 - hal.utils.local_runner - INFO - Completed task 1236
2026-03-22 23:38:59,430 - hal.utils.local_runner - INFO - Starting task 1242 (active tasks: 4)
2026-03-22 23:39:44,900 - hal.utils.local_runner - INFO - Completed task 1239
2026-03-22 23:39:44,900 - hal.utils.local_runner - INFO - Starting task 1243 (active tasks: 4)
2026-03-22 23:39:52,102 - hal.utils.local_runner - INFO - Completed task 1241
2026-03-22 23:39:52,102 - hal.utils.local_runner - INFO - Starting task 1244 (active tasks: 4)
2026-03-22 23:39:59,608 - hal.utils.local_runner - INFO - Completed task 1242
2026-03-22 23:39:59,608 - hal.utils.local_runner - INFO - Starting task 1245 (active tasks: 4)
2026-03-22 23:41:07,469 - hal.utils.local_runner - INFO - Completed task 1240
2026-03-22 23:41:07,470 - hal.utils.local_runner - INFO - Starting task 1246 (active tasks: 4)
2026-03-22 23:41:08,859 - hal.utils.local_runner - INFO - Completed task 1245
2026-03-22 23:41:08,859 - hal.utils.local_runner - INFO - Starting task 1247 (active tasks: 4)
2026-03-22 23:41:10,786 - hal.utils.local_runner - INFO - Completed task 1243
2026-03-22 23:41:10,786 - hal.utils.local_runner - INFO - Starting task 1248 (active tasks: 4)
2026-03-22 23:41:12,130 - hal.utils.local_runner - INFO - Completed task 1244
2026-03-22 23:41:12,130 - hal.utils.local_runner - INFO - Starting task 1249 (active tasks: 4)
2026-03-22 23:41:58,369 - hal.utils.local_runner - INFO - Completed task 1247
2026-03-22 23:41:58,369 - hal.utils.local_runner - INFO - Starting task 1250 (active tasks: 4)
2026-03-22 23:42:01,540 - hal.utils.local_runner - INFO - Completed task 1246
2026-03-22 23:42:01,540 - hal.utils.local_runner - INFO - Starting task 1251 (active tasks: 4)
2026-03-22 23:42:06,844 - hal.utils.local_runner - INFO - Completed task 1249
2026-03-22 23:42:06,844 - hal.utils.local_runner - INFO - Starting task 1252 (active tasks: 4)
2026-03-22 23:42:10,815 - hal.utils.local_runner - INFO - Completed task 1248
2026-03-22 23:42:10,815 - hal.utils.local_runner - INFO - Starting task 1253 (active tasks: 4)
2026-03-22 23:42:37,192 - hal.utils.local_runner - INFO - Completed task 1250
2026-03-22 23:42:37,192 - hal.utils.local_runner - INFO - Starting task 1254 (active tasks: 4)
2026-03-22 23:43:29,292 - hal.utils.local_runner - INFO - Completed task 1254
2026-03-22 23:43:29,292 - hal.utils.local_runner - INFO - Starting task 1255 (active tasks: 4)
2026-03-22 23:43:43,939 - hal.utils.local_runner - INFO - Completed task 1251
2026-03-22 23:43:43,939 - hal.utils.local_runner - INFO - Starting task 1256 (active tasks: 4)
2026-03-22 23:43:53,258 - hal.utils.local_runner - INFO - Completed task 1252
2026-03-22 23:43:53,258 - hal.utils.local_runner - INFO - Starting task 1257 (active tasks: 4)
2026-03-22 23:45:18,292 - hal.utils.local_runner - INFO - Completed task 1256
2026-03-22 23:45:18,292 - hal.utils.local_runner - INFO - Starting task 1258 (active tasks: 4)
2026-03-22 23:45:38,023 - hal.utils.local_runner - INFO - Completed task 1253
2026-03-22 23:45:38,024 - hal.utils.local_runner - INFO - Starting task 1259 (active tasks: 4)
2026-03-22 23:46:33,892 - hal.utils.local_runner - INFO - Completed task 1258
2026-03-22 23:46:33,892 - hal.utils.local_runner - INFO - Starting task 1260 (active tasks: 4)
2026-03-22 23:46:52,398 - hal.utils.local_runner - INFO - Completed task 1259
2026-03-22 23:46:52,398 - hal.utils.local_runner - INFO - Starting task 1261 (active tasks: 4)
2026-03-22 23:47:08,206 - hal.utils.local_runner - INFO - Completed task 1257
2026-03-22 23:47:08,206 - hal.utils.local_runner - INFO - Starting task 1262 (active tasks: 4)
2026-03-22 23:47:31,863 - hal.utils.local_runner - INFO - Completed task 1260
2026-03-22 23:47:31,863 - hal.utils.local_runner - INFO - Starting task 1263 (active tasks: 4)
2026-03-22 23:48:36,593 - hal.utils.local_runner - INFO - Completed task 1262
2026-03-22 23:48:36,593 - hal.utils.local_runner - INFO - Starting task 1264 (active tasks: 4)
2026-03-22 23:49:24,110 - hal.utils.local_runner - INFO - Completed task 1264
2026-03-22 23:49:24,110 - hal.utils.local_runner - INFO - Starting task 1265 (active tasks: 4)
2026-03-22 23:49:27,649 - hal.utils.local_runner - INFO - Completed task 1263
2026-03-22 23:49:27,649 - hal.utils.local_runner - INFO - Starting task 1266 (active tasks: 4)
2026-03-22 23:49:48,863 - hal.utils.local_runner - INFO - Completed task 1261
2026-03-22 23:49:48,863 - hal.utils.local_runner - INFO - Starting task 1267 (active tasks: 4)
2026-03-22 23:50:24,666 - hal.utils.local_runner - INFO - Completed task 1265
2026-03-22 23:50:24,666 - hal.utils.local_runner - INFO - Starting task 1268 (active tasks: 4)
2026-03-22 23:50:31,517 - hal.utils.local_runner - INFO - Completed task 1266
2026-03-22 23:50:31,517 - hal.utils.local_runner - INFO - Starting task 1269 (active tasks: 4)
2026-03-22 23:50:48,230 - hal.utils.local_runner - INFO - Completed task 1255
2026-03-22 23:50:48,231 - hal.utils.local_runner - INFO - Starting task 1270 (active tasks: 4)
2026-03-22 23:51:11,011 - hal.utils.local_runner - INFO - Completed task 1269
2026-03-22 23:51:11,011 - hal.utils.local_runner - INFO - Starting task 1271 (active tasks: 4)
2026-03-22 23:51:13,533 - hal.utils.local_runner - INFO - Completed task 1267
2026-03-22 23:51:13,533 - hal.utils.local_runner - INFO - Starting task 1272 (active tasks: 4)
2026-03-22 23:51:41,658 - hal.utils.local_runner - INFO - Completed task 1268
2026-03-22 23:51:41,658 - hal.utils.local_runner - INFO - Starting task 1273 (active tasks: 4)
2026-03-22 23:52:05,860 - hal.utils.local_runner - INFO - Completed task 1272
2026-03-22 23:52:05,860 - hal.utils.local_runner - INFO - Starting task 1274 (active tasks: 4)
2026-03-22 23:52:14,038 - hal.utils.local_runner - INFO - Completed task 1271
2026-03-22 23:52:14,038 - hal.utils.local_runner - INFO - Starting task 1275 (active tasks: 4)
2026-03-22 23:52:57,737 - hal.utils.local_runner - INFO - Completed task 1274
2026-03-22 23:52:57,738 - hal.utils.local_runner - INFO - Starting task 1276 (active tasks: 4)
2026-03-22 23:52:58,499 - hal.utils.local_runner - INFO - Completed task 1270
2026-03-22 23:52:58,500 - hal.utils.local_runner - INFO - Starting task 1277 (active tasks: 4)
2026-03-22 23:53:24,108 - hal.utils.local_runner - INFO - Completed task 1273
2026-03-22 23:53:24,108 - hal.utils.local_runner - INFO - Starting task 1278 (active tasks: 4)
2026-03-22 23:53:24,892 - hal.utils.local_runner - INFO - Completed task 1275
2026-03-22 23:53:24,892 - hal.utils.local_runner - INFO - Starting task 1279 (active tasks: 4)
2026-03-22 23:53:50,731 - hal.utils.local_runner - INFO - Completed task 1276
2026-03-22 23:53:50,731 - hal.utils.local_runner - INFO - Starting task 1280 (active tasks: 4)
2026-03-22 23:53:56,847 - hal.utils.local_runner - INFO - Completed task 1277
2026-03-22 23:53:56,847 - hal.utils.local_runner - INFO - Starting task 1281 (active tasks: 4)
2026-03-22 23:54:32,090 - hal.utils.local_runner - INFO - Completed task 1279
2026-03-22 23:54:32,090 - hal.utils.local_runner - INFO - Starting task 1282 (active tasks: 4)
2026-03-22 23:54:55,111 - hal.utils.local_runner - INFO - Completed task 1278
2026-03-22 23:54:55,111 - hal.utils.local_runner - INFO - Starting task 1283 (active tasks: 4)
2026-03-22 23:54:56,024 - hal.utils.local_runner - INFO - Completed task 1281
2026-03-22 23:54:56,024 - hal.utils.local_runner - INFO - Starting task 1284 (active tasks: 4)
2026-03-22 23:55:30,087 - hal.utils.local_runner - INFO - Completed task 1280
2026-03-22 23:55:30,087 - hal.utils.local_runner - INFO - Starting task 1285 (active tasks: 4)
2026-03-22 23:55:30,450 - hal.utils.local_runner - INFO - Completed task 1282
2026-03-22 23:55:30,450 - hal.utils.local_runner - INFO - Starting task 1286 (active tasks: 4)
2026-03-22 23:55:44,016 - hal.utils.local_runner - INFO - Completed task 1283
2026-03-22 23:55:44,016 - hal.utils.local_runner - INFO - Starting task 1287 (active tasks: 4)
2026-03-22 23:55:58,683 - hal.utils.local_runner - INFO - Completed task 1284
2026-03-22 23:55:58,683 - hal.utils.local_runner - INFO - Starting task 1288 (active tasks: 4)
2026-03-22 23:56:37,386 - hal.utils.local_runner - INFO - Completed task 1287
2026-03-22 23:56:37,386 - hal.utils.local_runner - INFO - Starting task 1289 (active tasks: 4)
2026-03-22 23:56:48,321 - hal.utils.local_runner - INFO - Completed task 1288
2026-03-22 23:56:48,321 - hal.utils.local_runner - INFO - Starting task 1290 (active tasks: 4)
2026-03-22 23:56:58,841 - hal.utils.local_runner - INFO - Completed task 1286
2026-03-22 23:56:58,841 - hal.utils.local_runner - INFO - Starting task 1291 (active tasks: 4)
2026-03-22 23:57:13,467 - hal.utils.local_runner - INFO - Completed task 1289
2026-03-22 23:57:13,467 - hal.utils.local_runner - INFO - Starting task 1292 (active tasks: 4)
2026-03-22 23:58:01,861 - hal.utils.local_runner - INFO - Completed task 1290
2026-03-22 23:58:01,861 - hal.utils.local_runner - INFO - Starting task 1293 (active tasks: 4)
2026-03-22 23:58:07,596 - hal.utils.local_runner - INFO - Completed task 1285
2026-03-22 23:58:07,596 - hal.utils.local_runner - INFO - Starting task 1294 (active tasks: 4)
2026-03-22 23:58:30,298 - hal.utils.local_runner - INFO - Completed task 1291
2026-03-22 23:58:30,299 - hal.utils.local_runner - INFO - Starting task 1295 (active tasks: 4)
2026-03-22 23:58:47,161 - hal.utils.local_runner - INFO - Completed task 1293
2026-03-22 23:58:47,161 - hal.utils.local_runner - INFO - Starting task 1296 (active tasks: 4)
2026-03-22 23:59:13,505 - hal.utils.local_runner - INFO - Completed task 1294
2026-03-22 23:59:13,505 - hal.utils.local_runner - INFO - Starting task 1297 (active tasks: 4)
2026-03-22 23:59:27,051 - hal.utils.local_runner - INFO - Completed task 1295
2026-03-22 23:59:27,051 - hal.utils.local_runner - INFO - Starting task 1298 (active tasks: 4)
2026-03-22 23:59:53,931 - hal.utils.local_runner - INFO - Completed task 1292
2026-03-22 23:59:53,932 - hal.utils.local_runner - INFO - Starting task 1299 (active tasks: 4)
2026-03-22 23:59:57,232 - hal.utils.local_runner - INFO - Completed task 1296
2026-03-22 23:59:57,232 - hal.utils.local_runner - INFO - Starting task 1300 (active tasks: 4)
2026-03-22 23:59:58,639 - hal.utils.local_runner - INFO - Completed task 1297
2026-03-22 23:59:58,639 - hal.utils.local_runner - INFO - Starting task 1301 (active tasks: 4)
2026-03-23 00:00:30,046 - hal.utils.local_runner - INFO - Completed task 1300
2026-03-23 00:00:30,046 - hal.utils.local_runner - INFO - Starting task 1302 (active tasks: 4)
2026-03-23 00:00:43,784 - hal.utils.local_runner - INFO - Completed task 1301
2026-03-23 00:00:43,784 - hal.utils.local_runner - INFO - Starting task 1303 (active tasks: 4)
2026-03-23 00:01:16,232 - hal.utils.local_runner - INFO - Completed task 1299
2026-03-23 00:01:16,232 - hal.utils.local_runner - INFO - Starting task 1304 (active tasks: 4)
2026-03-23 00:01:45,541 - hal.utils.local_runner - INFO - Completed task 1302
2026-03-23 00:01:45,542 - hal.utils.local_runner - INFO - Starting task 1305 (active tasks: 4)
2026-03-23 00:02:20,627 - hal.utils.local_runner - INFO - Completed task 1303
2026-03-23 00:02:20,627 - hal.utils.local_runner - INFO - Starting task 1306 (active tasks: 4)
2026-03-23 00:02:58,156 - hal.utils.local_runner - INFO - Completed task 1306
2026-03-23 00:02:58,156 - hal.utils.local_runner - INFO - Starting task 1307 (active tasks: 4)
2026-03-23 00:03:23,555 - hal.utils.local_runner - INFO - Completed task 1304
2026-03-23 00:03:23,556 - hal.utils.local_runner - INFO - Starting task 1308 (active tasks: 4)
2026-03-23 00:03:50,069 - hal.utils.local_runner - INFO - Completed task 1305
2026-03-23 00:03:50,069 - hal.utils.local_runner - INFO - Starting task 1309 (active tasks: 4)
2026-03-23 00:04:01,054 - hal.utils.local_runner - INFO - Completed task 1307
2026-03-23 00:04:01,055 - hal.utils.local_runner - INFO - Starting task 1310 (active tasks: 4)
2026-03-23 00:04:38,868 - hal.utils.local_runner - INFO - Completed task 1308
2026-03-23 00:04:38,868 - hal.utils.local_runner - INFO - Starting task 1311 (active tasks: 4)
2026-03-23 00:05:22,590 - hal.utils.local_runner - INFO - Completed task 1309
2026-03-23 00:05:22,590 - hal.utils.local_runner - INFO - Starting task 1312 (active tasks: 4)
2026-03-23 00:05:24,689 - hal.utils.local_runner - INFO - Completed task 1311
2026-03-23 00:05:24,689 - hal.utils.local_runner - INFO - Starting task 1313 (active tasks: 4)
2026-03-23 00:05:31,403 - hal.utils.local_runner - INFO - Completed task 1310
2026-03-23 00:05:31,403 - hal.utils.local_runner - INFO - Starting task 1314 (active tasks: 4)
2026-03-23 00:05:39,907 - hal.utils.local_runner - INFO - Completed task 1298
2026-03-23 00:05:39,907 - hal.utils.local_runner - INFO - Starting task 1315 (active tasks: 4)
2026-03-23 00:05:54,359 - hal.utils.local_runner - INFO - Completed task 1312
2026-03-23 00:05:54,359 - hal.utils.local_runner - INFO - Starting task 1316 (active tasks: 4)
2026-03-23 00:06:17,704 - hal.utils.local_runner - INFO - Completed task 1315
2026-03-23 00:06:17,704 - hal.utils.local_runner - INFO - Starting task 1317 (active tasks: 4)
2026-03-23 00:06:39,338 - hal.utils.local_runner - INFO - Completed task 1314
2026-03-23 00:06:39,338 - hal.utils.local_runner - INFO - Starting task 1318 (active tasks: 4)
2026-03-23 00:06:50,882 - hal.utils.local_runner - INFO - Completed task 1316
2026-03-23 00:06:50,882 - hal.utils.local_runner - INFO - Starting task 1319 (active tasks: 4)
2026-03-23 00:07:26,977 - hal.utils.local_runner - INFO - Completed task 1317
2026-03-23 00:07:26,977 - hal.utils.local_runner - INFO - Starting task 1320 (active tasks: 4)
2026-03-23 00:07:37,356 - hal.utils.local_runner - INFO - Completed task 1318
2026-03-23 00:07:37,356 - hal.utils.local_runner - INFO - Starting task 1321 (active tasks: 4)
2026-03-23 00:07:38,586 - hal.utils.local_runner - INFO - Completed task 1313
2026-03-23 00:07:38,586 - hal.utils.local_runner - INFO - Starting task 1322 (active tasks: 4)
2026-03-23 00:07:43,683 - hal.utils.local_runner - INFO - Completed task 1319
2026-03-23 00:07:43,684 - hal.utils.local_runner - INFO - Starting task 1323 (active tasks: 4)
2026-03-23 00:08:12,410 - hal.utils.local_runner - INFO - Completed task 1320
2026-03-23 00:08:12,411 - hal.utils.local_runner - INFO - Starting task 1324 (active tasks: 4)
2026-03-23 00:08:40,517 - hal.utils.local_runner - INFO - Completed task 1322
2026-03-23 00:08:40,517 - hal.utils.local_runner - INFO - Starting task 1325 (active tasks: 4)
2026-03-23 00:09:10,128 - hal.utils.local_runner - INFO - Completed task 1321
2026-03-23 00:09:10,128 - hal.utils.local_runner - INFO - Starting task 1326 (active tasks: 4)
2026-03-23 00:09:12,492 - hal.utils.local_runner - INFO - Completed task 1325
2026-03-23 00:09:12,493 - hal.utils.local_runner - INFO - Starting task 1327 (active tasks: 4)
2026-03-23 00:09:13,959 - hal.utils.local_runner - INFO - Completed task 1324
2026-03-23 00:09:13,959 - hal.utils.local_runner - INFO - Starting task 1328 (active tasks: 4)
2026-03-23 00:09:17,803 - hal.utils.local_runner - INFO - Completed task 1323
2026-03-23 00:09:17,803 - hal.utils.local_runner - INFO - Starting task 1329 (active tasks: 4)
2026-03-23 00:09:55,719 - hal.utils.local_runner - INFO - Completed task 1328
2026-03-23 00:09:55,719 - hal.utils.local_runner - INFO - Starting task 1330 (active tasks: 4)
2026-03-23 00:10:04,784 - hal.utils.local_runner - INFO - Completed task 1329
2026-03-23 00:10:04,785 - hal.utils.local_runner - INFO - Starting task 1331 (active tasks: 4)
2026-03-23 00:10:29,889 - hal.utils.local_runner - INFO - Completed task 1326
2026-03-23 00:10:29,890 - hal.utils.local_runner - INFO - Starting task 1332 (active tasks: 4)
2026-03-23 00:10:34,578 - hal.utils.local_runner - INFO - Completed task 1330
2026-03-23 00:10:34,578 - hal.utils.local_runner - INFO - Starting task 1333 (active tasks: 4)
2026-03-23 00:10:52,057 - hal.utils.local_runner - INFO - Completed task 1327
2026-03-23 00:10:52,057 - hal.utils.local_runner - INFO - Starting task 1334 (active tasks: 4)
2026-03-23 00:10:58,742 - hal.utils.local_runner - INFO - Completed task 1331
2026-03-23 00:10:58,742 - hal.utils.local_runner - INFO - Starting task 1335 (active tasks: 4)
2026-03-23 00:11:21,079 - hal.utils.local_runner - INFO - Completed task 1334
2026-03-23 00:11:21,079 - hal.utils.local_runner - INFO - Starting task 1336 (active tasks: 4)
2026-03-23 00:11:36,865 - hal.utils.local_runner - INFO - Completed task 1332
2026-03-23 00:11:36,865 - hal.utils.local_runner - INFO - Starting task 1337 (active tasks: 4)
2026-03-23 00:11:55,304 - hal.utils.local_runner - INFO - Completed task 1333
2026-03-23 00:11:55,304 - hal.utils.local_runner - INFO - Starting task 1338 (active tasks: 4)
2026-03-23 00:12:08,685 - hal.utils.local_runner - INFO - Completed task 1336
2026-03-23 00:12:08,685 - hal.utils.local_runner - INFO - Starting task 1339 (active tasks: 4)
2026-03-23 00:12:14,741 - hal.utils.local_runner - INFO - Completed task 1335
2026-03-23 00:12:14,741 - hal.utils.local_runner - INFO - Starting task 1340 (active tasks: 4)
2026-03-23 00:12:23,720 - hal.utils.local_runner - INFO - Completed task 1337
2026-03-23 00:12:23,721 - hal.utils.local_runner - INFO - Starting task 1341 (active tasks: 4)
2026-03-23 00:13:08,230 - hal.utils.local_runner - INFO - Completed task 1341
2026-03-23 00:13:08,230 - hal.utils.local_runner - INFO - Starting task 1342 (active tasks: 4)
2026-03-23 00:13:13,542 - hal.utils.local_runner - INFO - Completed task 1339
2026-03-23 00:13:13,542 - hal.utils.local_runner - INFO - Starting task 1343 (active tasks: 4)
2026-03-23 00:13:57,468 - hal.utils.local_runner - INFO - Completed task 1342
2026-03-23 00:13:57,468 - hal.utils.local_runner - INFO - Starting task 1344 (active tasks: 4)
2026-03-23 00:14:32,210 - hal.utils.local_runner - INFO - Completed task 1343
2026-03-23 00:14:32,210 - hal.utils.local_runner - INFO - Starting task 1345 (active tasks: 4)
2026-03-23 00:14:35,453 - hal.utils.local_runner - INFO - Completed task 1340
2026-03-23 00:14:35,453 - hal.utils.local_runner - INFO - Starting task 1346 (active tasks: 4)
2026-03-23 00:14:52,598 - hal.utils.local_runner - INFO - Completed task 1344
2026-03-23 00:14:52,598 - hal.utils.local_runner - INFO - Starting task 1347 (active tasks: 4)
2026-03-23 00:16:18,791 - hal.utils.local_runner - INFO - Completed task 1347
2026-03-23 00:16:18,791 - hal.utils.local_runner - INFO - Starting task 1348 (active tasks: 4)
2026-03-23 00:16:26,749 - hal.utils.local_runner - INFO - Completed task 1345
2026-03-23 00:16:26,749 - hal.utils.local_runner - INFO - Starting task 1349 (active tasks: 4)
2026-03-23 00:17:49,642 - hal.utils.local_runner - INFO - Completed task 1348
2026-03-23 00:17:49,642 - hal.utils.local_runner - INFO - Starting task 1350 (active tasks: 4)
2026-03-23 00:18:07,836 - hal.utils.local_runner - INFO - Completed task 1338
2026-03-23 00:18:07,836 - hal.utils.local_runner - INFO - Starting task 1351 (active tasks: 4)
2026-03-23 00:18:48,516 - hal.utils.local_runner - INFO - Completed task 1350
2026-03-23 00:18:48,516 - hal.utils.local_runner - INFO - Starting task 1352 (active tasks: 4)
2026-03-23 00:20:20,784 - hal.utils.local_runner - INFO - Completed task 1352
2026-03-23 00:20:20,785 - hal.utils.local_runner - INFO - Starting task 1353 (active tasks: 4)
2026-03-23 00:20:28,302 - hal.utils.local_runner - INFO - Completed task 1351
2026-03-23 00:20:28,303 - hal.utils.local_runner - INFO - Starting task 1354 (active tasks: 4)
2026-03-23 00:20:48,928 - hal.utils.local_runner - INFO - Completed task 1346
2026-03-23 00:20:48,928 - hal.utils.local_runner - INFO - Starting task 1355 (active tasks: 4)
2026-03-23 00:21:24,135 - hal.utils.local_runner - INFO - Completed task 1354
2026-03-23 00:21:24,135 - hal.utils.local_runner - INFO - Starting task 1356 (active tasks: 4)
2026-03-23 00:22:10,749 - hal.utils.local_runner - INFO - Completed task 1355
2026-03-23 00:22:10,749 - hal.utils.local_runner - INFO - Starting task 1357 (active tasks: 4)
2026-03-23 00:22:39,614 - hal.utils.local_runner - INFO - Completed task 1349
2026-03-23 00:22:39,614 - hal.utils.local_runner - INFO - Starting task 1358 (active tasks: 4)
2026-03-23 00:22:41,946 - hal.utils.local_runner - INFO - Completed task 1356
2026-03-23 00:22:41,946 - hal.utils.local_runner - INFO - Starting task 1359 (active tasks: 4)
2026-03-23 00:23:04,642 - hal.utils.local_runner - INFO - Completed task 1357
2026-03-23 00:23:04,642 - hal.utils.local_runner - INFO - Starting task 1360 (active tasks: 4)
2026-03-23 00:23:55,554 - hal.utils.local_runner - INFO - Completed task 1359
2026-03-23 00:23:55,554 - hal.utils.local_runner - INFO - Starting task 1361 (active tasks: 4)
2026-03-23 00:24:12,245 - hal.utils.local_runner - INFO - Completed task 1358
2026-03-23 00:24:12,245 - hal.utils.local_runner - INFO - Starting task 1362 (active tasks: 4)
2026-03-23 00:24:44,727 - hal.utils.local_runner - INFO - Completed task 1360
2026-03-23 00:24:44,727 - hal.utils.local_runner - INFO - Starting task 1363 (active tasks: 4)
2026-03-23 00:25:16,682 - hal.utils.local_runner - INFO - Completed task 1362
2026-03-23 00:25:16,682 - hal.utils.local_runner - INFO - Starting task 1364 (active tasks: 4)
2026-03-23 00:25:30,222 - hal.utils.local_runner - INFO - Completed task 1361
2026-03-23 00:25:30,222 - hal.utils.local_runner - INFO - Starting task 1365 (active tasks: 4)
2026-03-23 00:25:57,524 - hal.utils.local_runner - INFO - Completed task 1364
2026-03-23 00:25:57,524 - hal.utils.local_runner - INFO - Starting task 1366 (active tasks: 4)
2026-03-23 00:26:19,640 - hal.utils.local_runner - INFO - Completed task 1365
2026-03-23 00:26:19,640 - hal.utils.local_runner - INFO - Starting task 1367 (active tasks: 4)
2026-03-23 00:26:34,594 - hal.utils.local_runner - INFO - Completed task 1353
2026-03-23 00:26:34,594 - hal.utils.local_runner - INFO - Starting task 1368 (active tasks: 4)
2026-03-23 00:27:14,844 - hal.utils.local_runner - INFO - Completed task 1367
2026-03-23 00:27:14,844 - hal.utils.local_runner - INFO - Starting task 1369 (active tasks: 4)
2026-03-23 00:27:19,143 - hal.utils.local_runner - INFO - Completed task 1368
2026-03-23 00:27:19,143 - hal.utils.local_runner - INFO - Starting task 1370 (active tasks: 4)
2026-03-23 00:28:08,021 - hal.utils.local_runner - INFO - Completed task 1369
2026-03-23 00:28:08,021 - hal.utils.local_runner - INFO - Starting task 1371 (active tasks: 4)
2026-03-23 00:28:57,849 - hal.utils.local_runner - INFO - Completed task 1371
2026-03-23 00:28:57,849 - hal.utils.local_runner - INFO - Starting task 1372 (active tasks: 4)
2026-03-23 00:29:08,912 - hal.utils.local_runner - INFO - Completed task 1366
2026-03-23 00:29:08,912 - hal.utils.local_runner - INFO - Starting task 1373 (active tasks: 4)
2026-03-23 00:30:06,421 - hal.utils.local_runner - INFO - Completed task 1372
2026-03-23 00:30:06,421 - hal.utils.local_runner - INFO - Starting task 1374 (active tasks: 4)
2026-03-23 00:30:38,813 - hal.utils.local_runner - INFO - Completed task 1373
2026-03-23 00:30:38,813 - hal.utils.local_runner - INFO - Starting task 1375 (active tasks: 4)
2026-03-23 00:30:48,708 - hal.utils.local_runner - INFO - Completed task 1370
2026-03-23 00:30:48,708 - hal.utils.local_runner - INFO - Starting task 1376 (active tasks: 4)
2026-03-23 00:30:58,572 - hal.utils.local_runner - INFO - Completed task 1363
2026-03-23 00:30:58,572 - hal.utils.local_runner - INFO - Starting task 1377 (active tasks: 4)
2026-03-23 00:31:02,664 - hal.utils.local_runner - INFO - Completed task 1374
2026-03-23 00:31:02,664 - hal.utils.local_runner - INFO - Starting task 1378 (active tasks: 4)
2026-03-23 00:31:54,146 - hal.utils.local_runner - INFO - Completed task 1376
2026-03-23 00:31:54,146 - hal.utils.local_runner - INFO - Starting task 1379 (active tasks: 4)
2026-03-23 00:32:08,602 - hal.utils.local_runner - INFO - Completed task 1375
2026-03-23 00:32:08,602 - hal.utils.local_runner - INFO - Starting task 1380 (active tasks: 4)
2026-03-23 00:32:09,767 - hal.utils.local_runner - INFO - Completed task 1377
2026-03-23 00:32:09,767 - hal.utils.local_runner - INFO - Starting task 1381 (active tasks: 4)
2026-03-23 00:32:14,755 - hal.utils.local_runner - INFO - Completed task 1378
2026-03-23 00:32:14,756 - hal.utils.local_runner - INFO - Starting task 1382 (active tasks: 4)
2026-03-23 00:32:47,430 - hal.utils.local_runner - INFO - Completed task 1380
2026-03-23 00:32:47,430 - hal.utils.local_runner - INFO - Starting task 1383 (active tasks: 4)
2026-03-23 00:32:49,319 - hal.utils.local_runner - INFO - Completed task 1382
2026-03-23 00:32:49,319 - hal.utils.local_runner - INFO - Starting task 1384 (active tasks: 4)
2026-03-23 00:33:32,383 - hal.utils.local_runner - INFO - Completed task 1379
2026-03-23 00:33:32,383 - hal.utils.local_runner - INFO - Starting task 1385 (active tasks: 4)
2026-03-23 00:34:07,039 - hal.utils.local_runner - INFO - Completed task 1383
2026-03-23 00:34:07,039 - hal.utils.local_runner - INFO - Starting task 1386 (active tasks: 4)
2026-03-23 00:34:35,764 - hal.utils.local_runner - INFO - Completed task 1385
2026-03-23 00:34:35,764 - hal.utils.local_runner - INFO - Starting task 1387 (active tasks: 4)
2026-03-23 00:35:24,951 - hal.utils.local_runner - INFO - Completed task 1386
2026-03-23 00:35:24,952 - hal.utils.local_runner - INFO - Starting task 1388 (active tasks: 4)
2026-03-23 00:35:32,476 - hal.utils.local_runner - INFO - Completed task 1387
2026-03-23 00:35:32,476 - hal.utils.local_runner - INFO - Starting task 1389 (active tasks: 4)
2026-03-23 00:36:36,713 - hal.utils.local_runner - INFO - Completed task 1388
2026-03-23 00:36:36,713 - hal.utils.local_runner - INFO - Starting task 1390 (active tasks: 4)
2026-03-23 00:36:58,895 - hal.utils.local_runner - INFO - Completed task 1389
2026-03-23 00:36:58,895 - hal.utils.local_runner - INFO - Starting task 1391 (active tasks: 4)
2026-03-23 00:37:14,737 - hal.utils.local_runner - INFO - Completed task 1381
2026-03-23 00:37:14,737 - hal.utils.local_runner - INFO - Starting task 1392 (active tasks: 4)
2026-03-23 00:37:41,149 - hal.utils.local_runner - INFO - Completed task 1391
2026-03-23 00:37:41,149 - hal.utils.local_runner - INFO - Starting task 1393 (active tasks: 4)
2026-03-23 00:38:16,365 - hal.utils.local_runner - INFO - Completed task 1392
2026-03-23 00:38:16,365 - hal.utils.local_runner - INFO - Starting task 1394 (active tasks: 4)
2026-03-23 00:38:17,720 - hal.utils.local_runner - INFO - Completed task 1390
2026-03-23 00:38:17,720 - hal.utils.local_runner - INFO - Starting task 1395 (active tasks: 4)
2026-03-23 00:38:51,750 - hal.utils.local_runner - INFO - Completed task 1393
2026-03-23 00:38:51,751 - hal.utils.local_runner - INFO - Starting task 1396 (active tasks: 4)
2026-03-23 00:39:02,771 - hal.utils.local_runner - INFO - Completed task 1384
2026-03-23 00:39:02,772 - hal.utils.local_runner - INFO - Starting task 1397 (active tasks: 4)
2026-03-23 00:39:27,416 - hal.utils.local_runner - INFO - Completed task 1394
2026-03-23 00:39:27,417 - hal.utils.local_runner - INFO - Starting task 1398 (active tasks: 4)
2026-03-23 00:40:13,672 - hal.utils.local_runner - INFO - Completed task 1397
2026-03-23 00:40:13,672 - hal.utils.local_runner - INFO - Starting task 1399 (active tasks: 4)
2026-03-23 00:40:37,336 - hal.utils.local_runner - INFO - Completed task 1396
2026-03-23 00:40:37,336 - hal.utils.local_runner - INFO - Starting task 1400 (active tasks: 4)
2026-03-23 00:40:52,932 - hal.utils.local_runner - INFO - Completed task 1398
2026-03-23 00:40:52,932 - hal.utils.local_runner - INFO - Starting task 1401 (active tasks: 4)
2026-03-23 00:41:09,639 - hal.utils.local_runner - INFO - Completed task 1399
2026-03-23 00:41:09,639 - hal.utils.local_runner - INFO - Starting task 1402 (active tasks: 4)
2026-03-23 00:42:10,399 - hal.utils.local_runner - INFO - Completed task 1402
2026-03-23 00:42:10,399 - hal.utils.local_runner - INFO - Starting task 1403 (active tasks: 4)
2026-03-23 00:43:09,701 - hal.utils.local_runner - INFO - Completed task 1401
2026-03-23 00:43:09,701 - hal.utils.local_runner - INFO - Starting task 1404 (active tasks: 4)
2026-03-23 00:43:22,774 - hal.utils.local_runner - INFO - Completed task 1400
2026-03-23 00:43:22,774 - hal.utils.local_runner - INFO - Starting task 1405 (active tasks: 4)
2026-03-23 00:43:26,935 - hal.utils.local_runner - INFO - Completed task 1403
2026-03-23 00:43:26,935 - hal.utils.local_runner - INFO - Starting task 1406 (active tasks: 4)
2026-03-23 00:43:36,795 - hal.utils.local_runner - INFO - Completed task 1395
2026-03-23 00:43:36,796 - hal.utils.local_runner - INFO - Starting task 1407 (active tasks: 4)
2026-03-23 00:44:09,691 - hal.utils.local_runner - INFO - Completed task 1405
2026-03-23 00:44:09,691 - hal.utils.local_runner - INFO - Starting task 1408 (active tasks: 4)
2026-03-23 00:44:26,491 - hal.utils.local_runner - INFO - Completed task 1404
2026-03-23 00:44:26,491 - hal.utils.local_runner - INFO - Starting task 1409 (active tasks: 4)
2026-03-23 00:44:50,881 - hal.utils.local_runner - INFO - Completed task 1407
2026-03-23 00:44:50,881 - hal.utils.local_runner - INFO - Starting task 1410 (active tasks: 4)
2026-03-23 00:45:11,355 - hal.utils.local_runner - INFO - Completed task 1408
2026-03-23 00:45:11,356 - hal.utils.local_runner - INFO - Starting task 1411 (active tasks: 4)
2026-03-23 00:45:28,650 - hal.utils.local_runner - INFO - Completed task 1409
2026-03-23 00:45:28,650 - hal.utils.local_runner - INFO - Starting task 1412 (active tasks: 4)
2026-03-23 00:45:52,277 - hal.utils.local_runner - INFO - Completed task 1410
2026-03-23 00:45:52,277 - hal.utils.local_runner - INFO - Starting task 1413 (active tasks: 4)
2026-03-23 00:45:52,412 - hal.utils.local_runner - INFO - Completed task 1406
2026-03-23 00:45:52,413 - hal.utils.local_runner - INFO - Starting task 1414 (active tasks: 4)
2026-03-23 00:45:57,071 - hal.utils.local_runner - INFO - Completed task 1411
2026-03-23 00:45:57,071 - hal.utils.local_runner - INFO - Starting task 1415 (active tasks: 4)
2026-03-23 00:46:06,367 - hal.utils.local_runner - INFO - Completed task 1412
2026-03-23 00:46:06,367 - hal.utils.local_runner - INFO - Starting task 1416 (active tasks: 4)
2026-03-23 00:46:51,823 - hal.utils.local_runner - INFO - Completed task 1415
2026-03-23 00:46:51,823 - hal.utils.local_runner - INFO - Starting task 1417 (active tasks: 4)
2026-03-23 00:47:04,437 - hal.utils.local_runner - INFO - Completed task 1416
2026-03-23 00:47:04,438 - hal.utils.local_runner - INFO - Starting task 1418 (active tasks: 4)
2026-03-23 00:47:06,251 - hal.utils.local_runner - INFO - Completed task 1414
2026-03-23 00:47:06,251 - hal.utils.local_runner - INFO - Starting task 1419 (active tasks: 4)
2026-03-23 00:47:27,491 - hal.utils.local_runner - INFO - Completed task 1413
2026-03-23 00:47:27,492 - hal.utils.local_runner - INFO - Starting task 1420 (active tasks: 4)
2026-03-23 00:47:56,247 - hal.utils.local_runner - INFO - Completed task 1419
2026-03-23 00:47:56,247 - hal.utils.local_runner - INFO - Starting task 1421 (active tasks: 4)
2026-03-23 00:48:22,707 - hal.utils.local_runner - INFO - Completed task 1420
2026-03-23 00:48:22,707 - hal.utils.local_runner - INFO - Starting task 1422 (active tasks: 4)
2026-03-23 00:48:36,035 - hal.utils.local_runner - INFO - Completed task 1418
2026-03-23 00:48:36,035 - hal.utils.local_runner - INFO - Starting task 1423 (active tasks: 4)
2026-03-23 00:49:09,727 - hal.utils.local_runner - INFO - Completed task 1423
2026-03-23 00:49:09,728 - hal.utils.local_runner - INFO - Starting task 1424 (active tasks: 4)
2026-03-23 00:49:40,306 - hal.utils.local_runner - INFO - Completed task 1421
2026-03-23 00:49:40,306 - hal.utils.local_runner - INFO - Starting task 1425 (active tasks: 4)
2026-03-23 00:49:46,906 - hal.utils.local_runner - INFO - Completed task 1417
2026-03-23 00:49:46,906 - hal.utils.local_runner - INFO - Starting task 1426 (active tasks: 4)
2026-03-23 00:50:00,891 - hal.utils.local_runner - INFO - Completed task 1424
2026-03-23 00:50:00,891 - hal.utils.local_runner - INFO - Starting task 1427 (active tasks: 4)
2026-03-23 00:50:38,877 - hal.utils.local_runner - INFO - Completed task 1425
2026-03-23 00:50:38,877 - hal.utils.local_runner - INFO - Starting task 1428 (active tasks: 4)
2026-03-23 00:50:46,526 - hal.utils.local_runner - INFO - Completed task 1426
2026-03-23 00:50:46,526 - hal.utils.local_runner - INFO - Starting task 1429 (active tasks: 4)
2026-03-23 00:51:31,175 - hal.utils.local_runner - INFO - Completed task 1427
2026-03-23 00:51:31,175 - hal.utils.local_runner - INFO - Starting task 1430 (active tasks: 4)
2026-03-23 00:51:44,688 - hal.utils.local_runner - INFO - Completed task 1428
2026-03-23 00:51:44,689 - hal.utils.local_runner - INFO - Starting task 1431 (active tasks: 4)
2026-03-23 00:52:41,574 - hal.utils.local_runner - INFO - Completed task 1429
2026-03-23 00:52:41,575 - hal.utils.local_runner - INFO - Starting task 1432 (active tasks: 4)
2026-03-23 00:52:54,193 - hal.utils.local_runner - INFO - Completed task 1430
2026-03-23 00:52:54,193 - hal.utils.local_runner - INFO - Starting task 1433 (active tasks: 4)
2026-03-23 00:53:00,647 - hal.utils.local_runner - INFO - Completed task 1431
2026-03-23 00:53:00,647 - hal.utils.local_runner - INFO - Starting task 1434 (active tasks: 4)
2026-03-23 00:53:50,721 - hal.utils.local_runner - INFO - Completed task 1433
2026-03-23 00:53:50,722 - hal.utils.local_runner - INFO - Starting task 1435 (active tasks: 4)
2026-03-23 00:54:16,684 - hal.utils.local_runner - INFO - Completed task 1434
2026-03-23 00:54:16,684 - hal.utils.local_runner - INFO - Starting task 1436 (active tasks: 4)
2026-03-23 00:54:20,581 - hal.utils.local_runner - INFO - Completed task 1432
2026-03-23 00:54:20,581 - hal.utils.local_runner - INFO - Starting task 1437 (active tasks: 4)
2026-03-23 00:55:01,347 - hal.utils.local_runner - INFO - Completed task 1436
2026-03-23 00:55:01,347 - hal.utils.local_runner - INFO - Starting task 1438 (active tasks: 4)
2026-03-23 00:55:56,599 - hal.utils.local_runner - INFO - Completed task 1435
2026-03-23 00:55:56,600 - hal.utils.local_runner - INFO - Starting task 1439 (active tasks: 4)
2026-03-23 00:56:20,853 - hal.utils.local_runner - INFO - Completed task 1438
2026-03-23 00:56:20,853 - hal.utils.local_runner - INFO - Starting task 1440 (active tasks: 4)
2026-03-23 00:56:44,262 - hal.utils.local_runner - INFO - Completed task 1437
2026-03-23 00:56:44,262 - hal.utils.local_runner - INFO - Starting task 1441 (active tasks: 4)
2026-03-23 00:57:08,144 - hal.utils.local_runner - INFO - Completed task 1440
2026-03-23 00:57:08,145 - hal.utils.local_runner - INFO - Starting task 1442 (active tasks: 4)
2026-03-23 00:57:17,890 - hal.utils.local_runner - INFO - Completed task 1439
2026-03-23 00:57:17,890 - hal.utils.local_runner - INFO - Starting task 1443 (active tasks: 4)
2026-03-23 00:57:41,659 - hal.utils.local_runner - INFO - Completed task 1422
2026-03-23 00:57:41,659 - hal.utils.local_runner - INFO - Starting task 1444 (active tasks: 4)
2026-03-23 00:58:05,762 - hal.utils.local_runner - INFO - Completed task 1441
2026-03-23 00:58:05,762 - hal.utils.local_runner - INFO - Starting task 1445 (active tasks: 4)
2026-03-23 00:58:15,774 - hal.utils.local_runner - INFO - Completed task 1442
2026-03-23 00:58:15,774 - hal.utils.local_runner - INFO - Starting task 1446 (active tasks: 4)
2026-03-23 00:58:25,081 - hal.utils.local_runner - INFO - Completed task 1443
2026-03-23 00:58:25,081 - hal.utils.local_runner - INFO - Starting task 1447 (active tasks: 4)
2026-03-23 00:58:44,943 - hal.utils.local_runner - INFO - Completed task 1444
2026-03-23 00:58:44,943 - hal.utils.local_runner - INFO - Starting task 1448 (active tasks: 4)
2026-03-23 00:59:09,859 - hal.utils.local_runner - INFO - Completed task 1447
2026-03-23 00:59:09,859 - hal.utils.local_runner - INFO - Starting task 1449 (active tasks: 4)
2026-03-23 00:59:20,743 - hal.utils.local_runner - INFO - Completed task 1446
2026-03-23 00:59:20,743 - hal.utils.local_runner - INFO - Starting task 1450 (active tasks: 4)
2026-03-23 00:59:28,386 - hal.utils.local_runner - INFO - Completed task 1445
2026-03-23 00:59:28,386 - hal.utils.local_runner - INFO - Starting task 1451 (active tasks: 4)
2026-03-23 01:00:29,085 - hal.utils.local_runner - INFO - Completed task 1451
2026-03-23 01:00:29,086 - hal.utils.local_runner - INFO - Starting task 1452 (active tasks: 4)
2026-03-23 01:00:31,571 - hal.utils.local_runner - INFO - Completed task 1448
2026-03-23 01:00:31,571 - hal.utils.local_runner - INFO - Starting task 1453 (active tasks: 4)
2026-03-23 01:00:37,662 - hal.utils.local_runner - INFO - Completed task 1449
2026-03-23 01:00:37,662 - hal.utils.local_runner - INFO - Starting task 1454 (active tasks: 4)
2026-03-23 01:01:07,687 - hal.utils.local_runner - INFO - Completed task 1450
2026-03-23 01:01:07,687 - hal.utils.local_runner - INFO - Starting task 1455 (active tasks: 4)
2026-03-23 01:01:44,359 - hal.utils.local_runner - INFO - Completed task 1452
2026-03-23 01:01:44,359 - hal.utils.local_runner - INFO - Starting task 1456 (active tasks: 4)
2026-03-23 01:01:57,688 - hal.utils.local_runner - INFO - Completed task 1454
2026-03-23 01:01:57,688 - hal.utils.local_runner - INFO - Starting task 1457 (active tasks: 4)
2026-03-23 01:02:46,662 - hal.utils.local_runner - INFO - Completed task 1453
2026-03-23 01:02:46,662 - hal.utils.local_runner - INFO - Starting task 1458 (active tasks: 4)
2026-03-23 01:03:19,640 - hal.utils.local_runner - INFO - Completed task 1456
2026-03-23 01:03:19,641 - hal.utils.local_runner - INFO - Starting task 1459 (active tasks: 4)
2026-03-23 01:04:16,570 - hal.utils.local_runner - INFO - Completed task 1458
2026-03-23 01:04:16,570 - hal.utils.local_runner - INFO - Starting task 1460 (active tasks: 4)
2026-03-23 01:04:36,353 - hal.utils.local_runner - INFO - Completed task 1459
2026-03-23 01:04:36,353 - hal.utils.local_runner - INFO - Starting task 1461 (active tasks: 4)
2026-03-23 01:04:47,464 - hal.utils.local_runner - INFO - Completed task 1457
2026-03-23 01:04:47,464 - hal.utils.local_runner - INFO - Starting task 1462 (active tasks: 4)
2026-03-23 01:05:51,387 - hal.utils.local_runner - INFO - Completed task 1461
2026-03-23 01:05:51,387 - hal.utils.local_runner - INFO - Starting task 1463 (active tasks: 4)
2026-03-23 01:06:07,251 - hal.utils.local_runner - INFO - Completed task 1460
2026-03-23 01:06:07,251 - hal.utils.local_runner - INFO - Starting task 1464 (active tasks: 4)
2026-03-23 01:06:15,848 - hal.utils.local_runner - INFO - Completed task 1462
2026-03-23 01:06:15,848 - hal.utils.local_runner - INFO - Starting task 1465 (active tasks: 4)
2026-03-23 01:06:36,081 - hal.utils.local_runner - INFO - Completed task 1463
2026-03-23 01:06:36,082 - hal.utils.local_runner - INFO - Starting task 1466 (active tasks: 4)
2026-03-23 01:07:02,591 - hal.utils.local_runner - INFO - Completed task 1464
2026-03-23 01:07:02,591 - hal.utils.local_runner - INFO - Starting task 1467 (active tasks: 4)
2026-03-23 01:07:08,545 - hal.utils.local_runner - INFO - Completed task 1465
2026-03-23 01:07:08,545 - hal.utils.local_runner - INFO - Starting task 1468 (active tasks: 4)
2026-03-23 01:07:20,843 - hal.utils.local_runner - INFO - Completed task 1466
2026-03-23 01:07:20,843 - hal.utils.local_runner - INFO - Starting task 1469 (active tasks: 4)
2026-03-23 01:07:22,562 - hal.utils.local_runner - INFO - Completed task 1455
2026-03-23 01:07:22,562 - hal.utils.local_runner - INFO - Starting task 1470 (active tasks: 4)
2026-03-23 01:07:28,037 - hal.utils.local_runner - INFO - Completed task 1467
2026-03-23 01:07:28,037 - hal.utils.local_runner - INFO - Starting task 1471 (active tasks: 4)
2026-03-23 01:08:11,447 - hal.utils.local_runner - INFO - Completed task 1469
2026-03-23 01:08:11,447 - hal.utils.local_runner - INFO - Starting task 1472 (active tasks: 4)
2026-03-23 01:08:11,457 - hal.utils.local_runner - INFO - Completed task 1468
2026-03-23 01:08:11,457 - hal.utils.local_runner - INFO - Starting task 1473 (active tasks: 4)
2026-03-23 01:08:27,039 - hal.utils.local_runner - INFO - Completed task 1470
2026-03-23 01:08:27,039 - hal.utils.local_runner - INFO - Starting task 1474 (active tasks: 4)
2026-03-23 01:09:07,094 - hal.utils.local_runner - INFO - Completed task 1473
2026-03-23 01:09:07,094 - hal.utils.local_runner - INFO - Starting task 1475 (active tasks: 4)
2026-03-23 01:09:10,834 - hal.utils.local_runner - INFO - Completed task 1472
2026-03-23 01:09:10,834 - hal.utils.local_runner - INFO - Starting task 1476 (active tasks: 4)
2026-03-23 01:09:15,680 - hal.utils.local_runner - INFO - Completed task 1474
2026-03-23 01:09:15,680 - hal.utils.local_runner - INFO - Starting task 1477 (active tasks: 4)
2026-03-23 01:09:55,269 - hal.utils.local_runner - INFO - Completed task 1476
2026-03-23 01:09:55,269 - hal.utils.local_runner - INFO - Starting task 1478 (active tasks: 4)
2026-03-23 01:10:14,269 - hal.utils.local_runner - INFO - Completed task 1477
2026-03-23 01:10:14,270 - hal.utils.local_runner - INFO - Starting task 1479 (active tasks: 4)
2026-03-23 01:10:31,715 - hal.utils.local_runner - INFO - Completed task 1471
2026-03-23 01:10:31,715 - hal.utils.local_runner - INFO - Starting task 1480 (active tasks: 4)
2026-03-23 01:10:33,881 - hal.utils.local_runner - INFO - Completed task 1475
2026-03-23 01:10:33,881 - hal.utils.local_runner - INFO - Starting task 1481 (active tasks: 4)
2026-03-23 01:11:00,127 - hal.utils.local_runner - INFO - Completed task 1479
2026-03-23 01:11:00,127 - hal.utils.local_runner - INFO - Starting task 1482 (active tasks: 4)
2026-03-23 01:11:06,491 - hal.utils.local_runner - INFO - Completed task 1478
2026-03-23 01:11:06,492 - hal.utils.local_runner - INFO - Starting task 1483 (active tasks: 4)
2026-03-23 01:11:22,805 - hal.utils.local_runner - INFO - Completed task 1481
2026-03-23 01:11:22,805 - hal.utils.local_runner - INFO - Starting task 1484 (active tasks: 4)
2026-03-23 01:12:14,635 - hal.utils.local_runner - INFO - Completed task 1483
2026-03-23 01:12:14,636 - hal.utils.local_runner - INFO - Starting task 1485 (active tasks: 4)
2026-03-23 01:12:18,647 - hal.utils.local_runner - INFO - Completed task 1482
2026-03-23 01:12:18,647 - hal.utils.local_runner - INFO - Starting task 1486 (active tasks: 4)
2026-03-23 01:12:19,525 - hal.utils.local_runner - INFO - Completed task 1484
2026-03-23 01:12:19,525 - hal.utils.local_runner - INFO - Starting task 1487 (active tasks: 4)
2026-03-23 01:13:14,696 - hal.utils.local_runner - INFO - Completed task 1486
2026-03-23 01:13:14,697 - hal.utils.local_runner - INFO - Starting task 1488 (active tasks: 4)
2026-03-23 01:13:51,725 - hal.utils.local_runner - INFO - Completed task 1485
2026-03-23 01:13:51,726 - hal.utils.local_runner - INFO - Starting task 1489 (active tasks: 4)
2026-03-23 01:14:01,991 - hal.utils.local_runner - INFO - Completed task 1487
2026-03-23 01:14:01,991 - hal.utils.local_runner - INFO - Starting task 1490 (active tasks: 4)
2026-03-23 01:14:39,887 - hal.utils.local_runner - INFO - Completed task 1488
2026-03-23 01:14:39,888 - hal.utils.local_runner - INFO - Starting task 1491 (active tasks: 4)
2026-03-23 01:14:45,627 - hal.utils.local_runner - INFO - Completed task 1489
2026-03-23 01:14:45,627 - hal.utils.local_runner - INFO - Starting task 1492 (active tasks: 4)
2026-03-23 01:15:26,894 - hal.utils.local_runner - INFO - Completed task 1480
2026-03-23 01:15:26,894 - hal.utils.local_runner - INFO - Starting task 1493 (active tasks: 4)
2026-03-23 01:15:32,359 - hal.utils.local_runner - INFO - Completed task 1491
2026-03-23 01:15:32,359 - hal.utils.local_runner - INFO - Starting task 1494 (active tasks: 4)
2026-03-23 01:15:55,973 - hal.utils.local_runner - INFO - Completed task 1492
2026-03-23 01:15:55,973 - hal.utils.local_runner - INFO - Starting task 1495 (active tasks: 4)
2026-03-23 01:16:24,408 - hal.utils.local_runner - INFO - Completed task 1494
2026-03-23 01:16:24,408 - hal.utils.local_runner - INFO - Starting task 1496 (active tasks: 4)
2026-03-23 01:16:57,006 - hal.utils.local_runner - INFO - Completed task 1493
2026-03-23 01:16:57,006 - hal.utils.local_runner - INFO - Starting task 1497 (active tasks: 4)
2026-03-23 01:17:22,111 - hal.utils.local_runner - INFO - Completed task 1495
2026-03-23 01:17:22,111 - hal.utils.local_runner - INFO - Starting task 1498 (active tasks: 4)
2026-03-23 01:17:42,257 - hal.utils.local_runner - INFO - Completed task 1496
2026-03-23 01:17:42,257 - hal.utils.local_runner - INFO - Starting task 1499 (active tasks: 4)
2026-03-23 01:17:51,061 - hal.utils.local_runner - INFO - Completed task 1497
2026-03-23 01:18:06,597 - hal.utils.local_runner - INFO - Completed task 1498
2026-03-23 01:20:12,582 - hal.utils.local_runner - INFO - Completed task 1499
2026-03-23 01:21:22,177 - hal.utils.local_runner - INFO - Completed task 1490
2026-03-23 01:21:22,182 - hal.agent_runner - INFO - Evaluating results...
2026-03-23 01:21:24,532 - hal.agent_runner - INFO - Processing results...
2026-03-23 01:21:24,703 - hal.utils.weave_utils - INFO - Getting token usage data (this can take a while)...
2026-03-23 01:21:25,755 - weave.utils.retry - INFO - retry_attempt
2026-03-23 01:21:28,211 - weave.utils.retry - INFO - retry_attempt
2026-03-23 01:21:31,860 - weave.utils.retry - INFO - retry_failed
2026-03-23 01:21:31,860 - hal.benchmarks.base_benchmark - WARNING - Failed to get cost from Weave (possibly offline or no connection): Attempted to access streaming response content, without having called `read()`.. Defaulting cost to 0.
2026-03-23 01:21:31,860 - hal.utils.weave_utils - INFO - Getting Weave traces (this can take a while)...
2026-03-23 01:21:32,500 - weave.utils.retry - INFO - retry_attempt
2026-03-23 01:21:34,835 - weave.utils.retry - INFO - retry_attempt
2026-03-23 01:21:38,604 - weave.utils.retry - INFO - retry_failed
2026-03-23 01:21:38,605 - hal.benchmarks.base_benchmark - WARNING - Failed to get Weave calls (possibly offline or no connection): Attempted to access streaming response content, without having called `read()`.. Defaulting to empty logging data.
2026-03-23 01:21:38,641 - hal.agent_runner - INFO - Removed raw submissions file: results/mmstar/mmstar_doubao_seed_2_0_pro_1774200144/mmstar_doubao_seed_2_0_pro_1774200144_RAW_SUBMISSIONS.jsonl
2026-03-23 01:21:38,643 - __main__ - INFO - Evaluation completed successfully
2026-03-23 01:21:38,643 - hal.utils.logging_utils - INFO - === Evaluation Results ===
2026-03-23 01:21:38,643 - hal.utils.logging_utils - INFO -   accuracy: 0.819333
2026-03-23 01:21:38,643 - hal.utils.logging_utils - INFO -   no_image_accuracy: 0.305333
2026-03-23 01:21:38,643 - hal.utils.logging_utils - INFO -   base_llm_accuracy: 0.305333
2026-03-23 01:21:38,643 - hal.utils.logging_utils - INFO -   MG: 0.514000
2026-03-23 01:21:38,643 - hal.utils.logging_utils - INFO -   tasks_with_tool_calls: 1428
2026-03-23 01:21:38,643 - hal.utils.logging_utils - INFO -   total_tool_calls: 3778
2026-03-23 01:21:38,643 - hal.utils.logging_utils - INFO -   successful_tool_calls: 2491
2026-03-23 01:21:38,643 - hal.utils.logging_utils - INFO -   failed_tool_calls: 1287
2026-03-23 01:21:38,644 - hal.utils.logging_utils - INFO -   tool_usage_by_name: list_images=1949, get_image_info=1164, execute_python=402, crop_image=167, zoom_image=96
2026-03-23 01:21:38,644 - hal.utils.logging_utils - INFO -   successful_tasks: 1229
2026-03-23 01:21:38,644 - hal.utils.logging_utils - INFO -   failed_tasks: 271
2026-03-23 01:21:38,644 - hal.utils.logging_utils - INFO - === Run Summary ===
2026-03-23 01:21:38,644 - hal.utils.logging_utils - INFO -   Run ID: mmstar_doubao_seed_2_0_pro_1774200144
2026-03-23 01:21:38,644 - hal.utils.logging_utils - INFO -   Log Directory: results/mmstar/mmstar_doubao_seed_2_0_pro_1774200144
2026-03-23 01:21:38,809 - __main__ - INFO - Results copied to PRIMUS_OUTPUT_DIR: /primus_xpfs/output/mmstar/mmstar_doubao_seed_2_0_pro_1774200144
